TPR_pattern,FPR_pattern,FPRn_pattern,SHD_pattern,SHD_cpdag,FPR_skel,FNR_skel,TP_skel,FN_skel,FP_skel,TN_skel,n_nodes,true_n_edges_skel,true_n_non_edges_skel,graph_type,replicate,algorithm,adjmat,parameters,data,time,ntests,id,alpha,NAdelete,mmax,u2pd,skelmethod,conservative,majrule,solveconfl,numCores,verbose,indepTest,timeout
0.768518518518518,0.00376254180602007,0.0833333333333333,17,NA,0,0.148148148148148,46,8,0,1171,50,54,1171,unknown,1,pcalg_pc,gcastle_dag/p=50/d=1/method=er,gcastle_sem/min=0.5/max=2.0,gcastle_iidsim/method=linear/sem_type=gumbel/noise_scale=1.0/n=10000/standardized=True,0.732,NA,pc,0.001,True,Inf,relaxed,stable,False,False,False,1,False,gaussCItest,NA
0.768518518518518,0.00376254180602007,0.0833333333333333,17,NA,0,0.148148148148148,46,8,0,1171,50,54,1171,unknown,1,pcalg_pc,gcastle_dag/p=50/d=1/method=er,gcastle_sem/min=0.5/max=2.0,gcastle_iidsim/method=linear/sem_type=gumbel/noise_scale=1.0/n=10000/standardized=True,0.929,NA,pc,0.002,True,Inf,relaxed,stable,False,False,False,1,False,gaussCItest,NA
0.768518518518518,0.00376254180602007,0.0833333333333333,17,NA,0,0.148148148148148,46,8,0,1171,50,54,1171,unknown,1,pcalg_pc,gcastle_dag/p=50/d=1/method=er,gcastle_sem/min=0.5/max=2.0,gcastle_iidsim/method=linear/sem_type=gumbel/noise_scale=1.0/n=10000/standardized=True,0.608,NA,pc,0.005,True,Inf,relaxed,stable,False,False,False,1,False,gaussCItest,NA
0.833333333333333,0.00167224080267559,0.037037037037037,11,NA,0,0.12962962962963,47,7,0,1171,50,54,1171,unknown,1,pcalg_pc,gcastle_dag/p=50/d=1/method=er,gcastle_sem/min=0.5/max=2.0,gcastle_iidsim/method=linear/sem_type=gumbel/noise_scale=1.0/n=10000/standardized=True,0.662,NA,pc,0.01,True,Inf,relaxed,stable,False,False,False,1,False,gaussCItest,NA
0.833333333333333,0.00250836120401338,0.0555555555555556,12,NA,0.0185185185185185,0.12962962962963,47,7,1,1170,50,54,1171,unknown,1,pcalg_pc,gcastle_dag/p=50/d=1/method=er,gcastle_sem/min=0.5/max=2.0,gcastle_iidsim/method=linear/sem_type=gumbel/noise_scale=1.0/n=10000/standardized=True,1.274,NA,pc,0.02,True,Inf,relaxed,stable,False,False,False,1,False,gaussCItest,NA
0.824074074074074,0.00376254180602007,0.0833333333333333,14,NA,0.037037037037037,0.12962962962963,47,7,2,1169,50,54,1171,unknown,1,pcalg_pc,gcastle_dag/p=50/d=1/method=er,gcastle_sem/min=0.5/max=2.0,gcastle_iidsim/method=linear/sem_type=gumbel/noise_scale=1.0/n=10000/standardized=True,1.438,NA,pc,0.05,True,Inf,relaxed,stable,False,False,False,1,False,gaussCItest,NA
0.87037037037037,0.00668896321070234,0.148148148148148,15,NA,0.111111111111111,0.0925925925925926,49,5,6,1165,50,54,1171,unknown,1,pcalg_pc,gcastle_dag/p=50/d=1/method=er,gcastle_sem/min=0.5/max=2.0,gcastle_iidsim/method=linear/sem_type=gumbel/noise_scale=1.0/n=10000/standardized=True,2.374,NA,pc,0.1,True,Inf,relaxed,stable,False,False,False,1,False,gaussCItest,NA
0.842592592592593,0.0137959866220736,0.305555555555556,25,NA,0.222222222222222,0.0740740740740741,50,4,12,1159,50,54,1171,unknown,1,pcalg_pc,gcastle_dag/p=50/d=1/method=er,gcastle_sem/min=0.5/max=2.0,gcastle_iidsim/method=linear/sem_type=gumbel/noise_scale=1.0/n=10000/standardized=True,2.85,NA,pc,0.2,True,Inf,relaxed,stable,False,False,False,1,False,gaussCItest,NA
0.731481481481482,0.0305183946488294,0.675925925925926,51,NA,0.481481481481481,0.0740740740740741,50,4,26,1145,50,54,1171,unknown,1,pcalg_pc,gcastle_dag/p=50/d=1/method=er,gcastle_sem/min=0.5/max=2.0,gcastle_iidsim/method=linear/sem_type=gumbel/noise_scale=1.0/n=10000/standardized=True,4.992,NA,pc,0.3,True,Inf,relaxed,stable,False,False,False,1,False,gaussCItest,NA
0.703703703703704,0.0585284280936455,1.2962962962963,86,NA,1.07407407407407,0.0740740740740741,50,4,58,1113,50,54,1171,unknown,1,pcalg_pc,gcastle_dag/p=50/d=1/method=er,gcastle_sem/min=0.5/max=2.0,gcastle_iidsim/method=linear/sem_type=gumbel/noise_scale=1.0/n=10000/standardized=True,16.607,NA,pc,0.5,True,Inf,relaxed,stable,False,False,False,1,False,gaussCItest,NA
0.852941176470588,0.00208507089241034,0.0490196078431373,10,NA,0,0.0980392156862745,46,5,0,1174,50,51,1174,unknown,2,pcalg_pc,gcastle_dag/p=50/d=1/method=er,gcastle_sem/min=0.5/max=2.0,gcastle_iidsim/method=linear/sem_type=gumbel/noise_scale=1.0/n=10000/standardized=True,1.29,NA,pc,0.001,True,Inf,relaxed,stable,False,False,False,1,False,gaussCItest,NA
0.852941176470588,0.00208507089241034,0.0490196078431373,10,NA,0,0.0980392156862745,46,5,0,1174,50,51,1174,unknown,2,pcalg_pc,gcastle_dag/p=50/d=1/method=er,gcastle_sem/min=0.5/max=2.0,gcastle_iidsim/method=linear/sem_type=gumbel/noise_scale=1.0/n=10000/standardized=True,1.087,NA,pc,0.002,True,Inf,relaxed,stable,False,False,False,1,False,gaussCItest,NA
0.852941176470588,0.00208507089241034,0.0490196078431373,10,NA,0,0.0980392156862745,46,5,0,1174,50,51,1174,unknown,2,pcalg_pc,gcastle_dag/p=50/d=1/method=er,gcastle_sem/min=0.5/max=2.0,gcastle_iidsim/method=linear/sem_type=gumbel/noise_scale=1.0/n=10000/standardized=True,0.974,NA,pc,0.005,True,Inf,relaxed,stable,False,False,False,1,False,gaussCItest,NA
0.872549019607843,0.00208507089241034,0.0490196078431373,9,NA,0,0.0784313725490196,47,4,0,1174,50,51,1174,unknown,2,pcalg_pc,gcastle_dag/p=50/d=1/method=er,gcastle_sem/min=0.5/max=2.0,gcastle_iidsim/method=linear/sem_type=gumbel/noise_scale=1.0/n=10000/standardized=True,0.746,NA,pc,0.01,True,Inf,relaxed,stable,False,False,False,1,False,gaussCItest,NA
0.892156862745098,0.00291909924937448,0.0686274509803922,9,NA,0.0196078431372549,0.0588235294117647,48,3,1,1173,50,51,1174,unknown,2,pcalg_pc,gcastle_dag/p=50/d=1/method=er,gcastle_sem/min=0.5/max=2.0,gcastle_iidsim/method=linear/sem_type=gumbel/noise_scale=1.0/n=10000/standardized=True,1.338,NA,pc,0.02,True,Inf,relaxed,stable,False,False,False,1,False,gaussCItest,NA
0.843137254901961,0.00834028356964137,0.196078431372549,18,NA,0.0980392156862745,0.0588235294117647,48,3,5,1169,50,51,1174,unknown,2,pcalg_pc,gcastle_dag/p=50/d=1/method=er,gcastle_sem/min=0.5/max=2.0,gcastle_iidsim/method=linear/sem_type=gumbel/noise_scale=1.0/n=10000/standardized=True,0.827,NA,pc,0.05,True,Inf,relaxed,stable,False,False,False,1,False,gaussCItest,NA
0.823529411764706,0.0116763969974979,0.274509803921569,23,NA,0.156862745098039,0.0588235294117647,48,3,8,1166,50,51,1174,unknown,2,pcalg_pc,gcastle_dag/p=50/d=1/method=er,gcastle_sem/min=0.5/max=2.0,gcastle_iidsim/method=linear/sem_type=gumbel/noise_scale=1.0/n=10000/standardized=True,1.059,NA,pc,0.1,True,Inf,relaxed,stable,False,False,False,1,False,gaussCItest,NA
0.784313725490196,0.0258548790658882,0.607843137254902,42,NA,0.450980392156863,0.0588235294117647,48,3,23,1151,50,51,1174,unknown,2,pcalg_pc,gcastle_dag/p=50/d=1/method=er,gcastle_sem/min=0.5/max=2.0,gcastle_iidsim/method=linear/sem_type=gumbel/noise_scale=1.0/n=10000/standardized=True,1.411,NA,pc,0.2,True,Inf,relaxed,stable,False,False,False,1,False,gaussCItest,NA
0.754901960784314,0.0387823185988324,0.911764705882353,59,NA,0.725490196078431,0.0588235294117647,48,3,37,1137,50,51,1174,unknown,2,pcalg_pc,gcastle_dag/p=50/d=1/method=er,gcastle_sem/min=0.5/max=2.0,gcastle_iidsim/method=linear/sem_type=gumbel/noise_scale=1.0/n=10000/standardized=True,4.628,NA,pc,0.3,True,Inf,relaxed,stable,False,False,False,1,False,gaussCItest,NA
0.637254901960784,0.0829858215179316,1.95098039215686,118,NA,1.62745098039216,0.0392156862745098,49,2,83,1091,50,51,1174,unknown,2,pcalg_pc,gcastle_dag/p=50/d=1/method=er,gcastle_sem/min=0.5/max=2.0,gcastle_iidsim/method=linear/sem_type=gumbel/noise_scale=1.0/n=10000/standardized=True,34.752,NA,pc,0.5,True,Inf,relaxed,stable,False,False,False,1,False,gaussCItest,NA
0.977272727272727,0,0,1,NA,0,0.0227272727272727,43,1,0,1181,50,44,1181,unknown,3,pcalg_pc,gcastle_dag/p=50/d=1/method=er,gcastle_sem/min=0.5/max=2.0,gcastle_iidsim/method=linear/sem_type=gumbel/noise_scale=1.0/n=10000/standardized=True,0.431,NA,pc,0.001,True,Inf,relaxed,stable,False,False,False,1,False,gaussCItest,NA
0.977272727272727,0,0,1,NA,0,0.0227272727272727,43,1,0,1181,50,44,1181,unknown,3,pcalg_pc,gcastle_dag/p=50/d=1/method=er,gcastle_sem/min=0.5/max=2.0,gcastle_iidsim/method=linear/sem_type=gumbel/noise_scale=1.0/n=10000/standardized=True,0.343,NA,pc,0.002,True,Inf,relaxed,stable,False,False,False,1,False,gaussCItest,NA
0.977272727272727,0,0,1,NA,0,0.0227272727272727,43,1,0,1181,50,44,1181,unknown,3,pcalg_pc,gcastle_dag/p=50/d=1/method=er,gcastle_sem/min=0.5/max=2.0,gcastle_iidsim/method=linear/sem_type=gumbel/noise_scale=1.0/n=10000/standardized=True,0.524,NA,pc,0.005,True,Inf,relaxed,stable,False,False,False,1,False,gaussCItest,NA
0.977272727272727,0,0,1,NA,0,0.0227272727272727,43,1,0,1181,50,44,1181,unknown,3,pcalg_pc,gcastle_dag/p=50/d=1/method=er,gcastle_sem/min=0.5/max=2.0,gcastle_iidsim/method=linear/sem_type=gumbel/noise_scale=1.0/n=10000/standardized=True,0.347,NA,pc,0.01,True,Inf,relaxed,stable,False,False,False,1,False,gaussCItest,NA
0.977272727272727,0,0,1,NA,0,0.0227272727272727,43,1,0,1181,50,44,1181,unknown,3,pcalg_pc,gcastle_dag/p=50/d=1/method=er,gcastle_sem/min=0.5/max=2.0,gcastle_iidsim/method=linear/sem_type=gumbel/noise_scale=1.0/n=10000/standardized=True,0.343,NA,pc,0.02,True,Inf,relaxed,stable,False,False,False,1,False,gaussCItest,NA
0.943181818181818,0.00538971807628524,0.147727272727273,9,NA,0.113636363636364,0.0227272727272727,43,1,5,1176,50,44,1181,unknown,3,pcalg_pc,gcastle_dag/p=50/d=1/method=er,gcastle_sem/min=0.5/max=2.0,gcastle_iidsim/method=linear/sem_type=gumbel/noise_scale=1.0/n=10000/standardized=True,0.517,NA,pc,0.05,True,Inf,relaxed,stable,False,False,False,1,False,gaussCItest,NA
0.818181818181818,0.0149253731343284,0.409090909090909,26,NA,0.25,0.0227272727272727,43,1,11,1170,50,44,1181,unknown,3,pcalg_pc,gcastle_dag/p=50/d=1/method=er,gcastle_sem/min=0.5/max=2.0,gcastle_iidsim/method=linear/sem_type=gumbel/noise_scale=1.0/n=10000/standardized=True,0.43,NA,pc,0.1,True,Inf,relaxed,stable,False,False,False,1,False,gaussCItest,NA
0.75,0.0323383084577114,0.886363636363636,50,NA,0.659090909090909,0.0227272727272727,43,1,29,1152,50,44,1181,unknown,3,pcalg_pc,gcastle_dag/p=50/d=1/method=er,gcastle_sem/min=0.5/max=2.0,gcastle_iidsim/method=linear/sem_type=gumbel/noise_scale=1.0/n=10000/standardized=True,0.824,NA,pc,0.2,True,Inf,relaxed,stable,False,False,False,1,False,gaussCItest,NA
0.715909090909091,0.0551409618573798,1.51136363636364,79,NA,1.25,0.0227272727272727,43,1,55,1126,50,44,1181,unknown,3,pcalg_pc,gcastle_dag/p=50/d=1/method=er,gcastle_sem/min=0.5/max=2.0,gcastle_iidsim/method=linear/sem_type=gumbel/noise_scale=1.0/n=10000/standardized=True,2.135,NA,pc,0.3,True,Inf,relaxed,stable,False,False,False,1,False,gaussCItest,NA
0.670454545454545,0.095771144278607,2.625,130,NA,2.29545454545455,0,44,0,101,1080,50,44,1181,unknown,3,pcalg_pc,gcastle_dag/p=50/d=1/method=er,gcastle_sem/min=0.5/max=2.0,gcastle_iidsim/method=linear/sem_type=gumbel/noise_scale=1.0/n=10000/standardized=True,222.364,NA,pc,0.5,True,Inf,relaxed,stable,False,False,False,1,False,gaussCItest,NA
0.972727272727273,0.00125523012552301,0.0272727272727273,3,NA,0,0,55,0,0,1170,50,55,1170,unknown,4,pcalg_pc,gcastle_dag/p=50/d=1/method=er,gcastle_sem/min=0.5/max=2.0,gcastle_iidsim/method=linear/sem_type=gumbel/noise_scale=1.0/n=10000/standardized=True,0.533,NA,pc,0.001,True,Inf,relaxed,stable,False,False,False,1,False,gaussCItest,NA
0.972727272727273,0.00125523012552301,0.0272727272727273,3,NA,0,0,55,0,0,1170,50,55,1170,unknown,4,pcalg_pc,gcastle_dag/p=50/d=1/method=er,gcastle_sem/min=0.5/max=2.0,gcastle_iidsim/method=linear/sem_type=gumbel/noise_scale=1.0/n=10000/standardized=True,0.492,NA,pc,0.002,True,Inf,relaxed,stable,False,False,False,1,False,gaussCItest,NA
0.972727272727273,0.00125523012552301,0.0272727272727273,3,NA,0,0,55,0,0,1170,50,55,1170,unknown,4,pcalg_pc,gcastle_dag/p=50/d=1/method=er,gcastle_sem/min=0.5/max=2.0,gcastle_iidsim/method=linear/sem_type=gumbel/noise_scale=1.0/n=10000/standardized=True,0.506,NA,pc,0.005,True,Inf,relaxed,stable,False,False,False,1,False,gaussCItest,NA
0.972727272727273,0.00209205020920502,0.0454545454545455,4,NA,0.0181818181818182,0,55,0,1,1169,50,55,1170,unknown,4,pcalg_pc,gcastle_dag/p=50/d=1/method=er,gcastle_sem/min=0.5/max=2.0,gcastle_iidsim/method=linear/sem_type=gumbel/noise_scale=1.0/n=10000/standardized=True,0.473,NA,pc,0.01,True,Inf,relaxed,stable,False,False,False,1,False,gaussCItest,NA
0.963636363636364,0.00418410041841004,0.0909090909090909,7,NA,0.0545454545454545,0,55,0,3,1167,50,55,1170,unknown,4,pcalg_pc,gcastle_dag/p=50/d=1/method=er,gcastle_sem/min=0.5/max=2.0,gcastle_iidsim/method=linear/sem_type=gumbel/noise_scale=1.0/n=10000/standardized=True,0.506,NA,pc,0.02,True,Inf,relaxed,stable,False,False,False,1,False,gaussCItest,NA
0.954545454545455,0.00711297071129707,0.154545454545455,11,NA,0.109090909090909,0,55,0,6,1164,50,55,1170,unknown,4,pcalg_pc,gcastle_dag/p=50/d=1/method=er,gcastle_sem/min=0.5/max=2.0,gcastle_iidsim/method=linear/sem_type=gumbel/noise_scale=1.0/n=10000/standardized=True,0.541,NA,pc,0.05,True,Inf,relaxed,stable,False,False,False,1,False,gaussCItest,NA
0.881818181818182,0.0138075313807531,0.3,23,NA,0.181818181818182,0,55,0,10,1160,50,55,1170,unknown,4,pcalg_pc,gcastle_dag/p=50/d=1/method=er,gcastle_sem/min=0.5/max=2.0,gcastle_iidsim/method=linear/sem_type=gumbel/noise_scale=1.0/n=10000/standardized=True,0.616,NA,pc,0.1,True,Inf,relaxed,stable,False,False,False,1,False,gaussCItest,NA
0.818181818181818,0.0292887029288703,0.636363636363636,45,NA,0.454545454545455,0,55,0,25,1145,50,55,1170,unknown,4,pcalg_pc,gcastle_dag/p=50/d=1/method=er,gcastle_sem/min=0.5/max=2.0,gcastle_iidsim/method=linear/sem_type=gumbel/noise_scale=1.0/n=10000/standardized=True,1.062,NA,pc,0.2,True,Inf,relaxed,stable,False,False,False,1,False,gaussCItest,NA
0.745454545454545,0.0443514644351464,0.963636363636364,67,NA,0.709090909090909,0,55,0,39,1131,50,55,1170,unknown,4,pcalg_pc,gcastle_dag/p=50/d=1/method=er,gcastle_sem/min=0.5/max=2.0,gcastle_iidsim/method=linear/sem_type=gumbel/noise_scale=1.0/n=10000/standardized=True,2.422,NA,pc,0.3,True,Inf,relaxed,stable,False,False,False,1,False,gaussCItest,NA
0.709090909090909,0.0786610878661088,1.70909090909091,110,NA,1.41818181818182,0,55,0,78,1092,50,55,1170,unknown,4,pcalg_pc,gcastle_dag/p=50/d=1/method=er,gcastle_sem/min=0.5/max=2.0,gcastle_iidsim/method=linear/sem_type=gumbel/noise_scale=1.0/n=10000/standardized=True,12.121,NA,pc,0.5,True,Inf,relaxed,stable,False,False,False,1,False,gaussCItest,NA
0.903846153846154,0.00250417362270451,0.0576923076923077,8,NA,0,0.0384615384615385,50,2,0,1173,50,52,1173,unknown,5,pcalg_pc,gcastle_dag/p=50/d=1/method=er,gcastle_sem/min=0.5/max=2.0,gcastle_iidsim/method=linear/sem_type=gumbel/noise_scale=1.0/n=10000/standardized=True,0.798,NA,pc,0.001,True,Inf,relaxed,stable,False,False,False,1,False,gaussCItest,NA
0.903846153846154,0.00250417362270451,0.0576923076923077,8,NA,0,0.0384615384615385,50,2,0,1173,50,52,1173,unknown,5,pcalg_pc,gcastle_dag/p=50/d=1/method=er,gcastle_sem/min=0.5/max=2.0,gcastle_iidsim/method=linear/sem_type=gumbel/noise_scale=1.0/n=10000/standardized=True,0.785,NA,pc,0.002,True,Inf,relaxed,stable,False,False,False,1,False,gaussCItest,NA
0.932692307692308,0.00208681135225376,0.0480769230769231,6,NA,0,0.0192307692307692,51,1,0,1173,50,52,1173,unknown,5,pcalg_pc,gcastle_dag/p=50/d=1/method=er,gcastle_sem/min=0.5/max=2.0,gcastle_iidsim/method=linear/sem_type=gumbel/noise_scale=1.0/n=10000/standardized=True,0.853,NA,pc,0.005,True,Inf,relaxed,stable,False,False,False,1,False,gaussCItest,NA
0.923076923076923,0.00333889816360601,0.0769230769230769,8,NA,0.0192307692307692,0.0192307692307692,51,1,1,1172,50,52,1173,unknown,5,pcalg_pc,gcastle_dag/p=50/d=1/method=er,gcastle_sem/min=0.5/max=2.0,gcastle_iidsim/method=linear/sem_type=gumbel/noise_scale=1.0/n=10000/standardized=True,0.769,NA,pc,0.01,True,Inf,relaxed,stable,False,False,False,1,False,gaussCItest,NA
0.884615384615385,0.00751252086811352,0.173076923076923,15,NA,0.0769230769230769,0.0192307692307692,51,1,4,1169,50,52,1173,unknown,5,pcalg_pc,gcastle_dag/p=50/d=1/method=er,gcastle_sem/min=0.5/max=2.0,gcastle_iidsim/method=linear/sem_type=gumbel/noise_scale=1.0/n=10000/standardized=True,0.739,NA,pc,0.02,True,Inf,relaxed,stable,False,False,False,1,False,gaussCItest,NA
0.884615384615385,0.0108514190317195,0.25,19,NA,0.153846153846154,0.0192307692307692,51,1,8,1165,50,52,1173,unknown,5,pcalg_pc,gcastle_dag/p=50/d=1/method=er,gcastle_sem/min=0.5/max=2.0,gcastle_iidsim/method=linear/sem_type=gumbel/noise_scale=1.0/n=10000/standardized=True,0.847,NA,pc,0.05,True,Inf,relaxed,stable,False,False,False,1,False,gaussCItest,NA
0.875,0.0137729549248748,0.317307692307692,23,NA,0.211538461538462,0.0192307692307692,51,1,11,1162,50,52,1173,unknown,5,pcalg_pc,gcastle_dag/p=50/d=1/method=er,gcastle_sem/min=0.5/max=2.0,gcastle_iidsim/method=linear/sem_type=gumbel/noise_scale=1.0/n=10000/standardized=True,0.783,NA,pc,0.1,True,Inf,relaxed,stable,False,False,False,1,False,gaussCItest,NA
0.894230769230769,0.0229549248747913,0.528846153846154,33,NA,0.423076923076923,0,52,0,22,1151,50,52,1173,unknown,5,pcalg_pc,gcastle_dag/p=50/d=1/method=er,gcastle_sem/min=0.5/max=2.0,gcastle_iidsim/method=linear/sem_type=gumbel/noise_scale=1.0/n=10000/standardized=True,1.504,NA,pc,0.2,True,Inf,relaxed,stable,False,False,False,1,False,gaussCItest,NA
0.740384615384615,0.0413188647746244,0.951923076923077,63,NA,0.692307692307692,0,52,0,36,1137,50,52,1173,unknown,5,pcalg_pc,gcastle_dag/p=50/d=1/method=er,gcastle_sem/min=0.5/max=2.0,gcastle_iidsim/method=linear/sem_type=gumbel/noise_scale=1.0/n=10000/standardized=True,2.847,NA,pc,0.3,True,Inf,relaxed,stable,False,False,False,1,False,gaussCItest,NA
0.653846153846154,0.0734557595993322,1.69230769230769,106,NA,1.34615384615385,0,52,0,70,1103,50,52,1173,unknown,5,pcalg_pc,gcastle_dag/p=50/d=1/method=er,gcastle_sem/min=0.5/max=2.0,gcastle_iidsim/method=linear/sem_type=gumbel/noise_scale=1.0/n=10000/standardized=True,9.693,NA,pc,0.5,True,Inf,relaxed,stable,False,False,False,1,False,gaussCItest,NA
0.8359375,0.00548060708263069,0.1015625,17,NA,0.015625,0.078125,59,5,1,1160,50,64,1161,unknown,6,pcalg_pc,gcastle_dag/p=50/d=1/method=er,gcastle_sem/min=0.5/max=2.0,gcastle_iidsim/method=linear/sem_type=gumbel/noise_scale=1.0/n=10000/standardized=True,0.672,NA,pc,0.001,True,Inf,relaxed,stable,False,False,False,1,False,gaussCItest,NA
0.8359375,0.00548060708263069,0.1015625,17,NA,0.015625,0.078125,59,5,1,1160,50,64,1161,unknown,6,pcalg_pc,gcastle_dag/p=50/d=1/method=er,gcastle_sem/min=0.5/max=2.0,gcastle_iidsim/method=linear/sem_type=gumbel/noise_scale=1.0/n=10000/standardized=True,0.858,NA,pc,0.002,True,Inf,relaxed,stable,False,False,False,1,False,gaussCItest,NA
0.8515625,0.00463743676222597,0.0859375,15,NA,0.03125,0.09375,58,6,2,1159,50,64,1161,unknown,6,pcalg_pc,gcastle_dag/p=50/d=1/method=er,gcastle_sem/min=0.5/max=2.0,gcastle_iidsim/method=linear/sem_type=gumbel/noise_scale=1.0/n=10000/standardized=True,1.039,NA,pc,0.005,True,Inf,relaxed,stable,False,False,False,1,False,gaussCItest,NA
0.8515625,0.00379426644182125,0.0703125,14,NA,0.015625,0.09375,58,6,1,1160,50,64,1161,unknown,6,pcalg_pc,gcastle_dag/p=50/d=1/method=er,gcastle_sem/min=0.5/max=2.0,gcastle_iidsim/method=linear/sem_type=gumbel/noise_scale=1.0/n=10000/standardized=True,1,NA,pc,0.01,True,Inf,relaxed,stable,False,False,False,1,False,gaussCItest,NA
0.859375,0.00505902192242833,0.09375,15,NA,0.03125,0.078125,59,5,2,1159,50,64,1161,unknown,6,pcalg_pc,gcastle_dag/p=50/d=1/method=er,gcastle_sem/min=0.5/max=2.0,gcastle_iidsim/method=linear/sem_type=gumbel/noise_scale=1.0/n=10000/standardized=True,0.764,NA,pc,0.02,True,Inf,relaxed,stable,False,False,False,1,False,gaussCItest,NA
0.890625,0.00505902192242833,0.09375,13,NA,0.046875,0.0625,60,4,3,1158,50,64,1161,unknown,6,pcalg_pc,gcastle_dag/p=50/d=1/method=er,gcastle_sem/min=0.5/max=2.0,gcastle_iidsim/method=linear/sem_type=gumbel/noise_scale=1.0/n=10000/standardized=True,1.171,NA,pc,0.05,True,Inf,relaxed,stable,False,False,False,1,False,gaussCItest,NA
0.8515625,0.00801011804384486,0.1484375,19,NA,0.078125,0.078125,59,5,5,1156,50,64,1161,unknown,6,pcalg_pc,gcastle_dag/p=50/d=1/method=er,gcastle_sem/min=0.5/max=2.0,gcastle_iidsim/method=linear/sem_type=gumbel/noise_scale=1.0/n=10000/standardized=True,1.06,NA,pc,0.1,True,Inf,relaxed,stable,False,False,False,1,False,gaussCItest,NA
0.6875,0.0219224283305228,0.40625,46,NA,0.171875,0.078125,59,5,11,1150,50,64,1161,unknown,6,pcalg_pc,gcastle_dag/p=50/d=1/method=er,gcastle_sem/min=0.5/max=2.0,gcastle_iidsim/method=linear/sem_type=gumbel/noise_scale=1.0/n=10000/standardized=True,2.932,NA,pc,0.2,True,Inf,relaxed,stable,False,False,False,1,False,gaussCItest,NA
0.640625,0.036256323777403,0.671875,66,NA,0.390625,0.078125,59,5,25,1136,50,64,1161,unknown,6,pcalg_pc,gcastle_dag/p=50/d=1/method=er,gcastle_sem/min=0.5/max=2.0,gcastle_iidsim/method=linear/sem_type=gumbel/noise_scale=1.0/n=10000/standardized=True,2.102,NA,pc,0.3,True,Inf,relaxed,stable,False,False,False,1,False,gaussCItest,NA
0.6484375,0.0484822934232715,0.8984375,80,NA,0.625,0.078125,59,5,40,1121,50,64,1161,unknown,6,pcalg_pc,gcastle_dag/p=50/d=1/method=er,gcastle_sem/min=0.5/max=2.0,gcastle_iidsim/method=linear/sem_type=gumbel/noise_scale=1.0/n=10000/standardized=True,6.51,NA,pc,0.5,True,Inf,relaxed,stable,False,False,False,1,False,gaussCItest,NA
0.795081967213115,0.00798990748528175,0.155737704918033,22,NA,0,0.0491803278688525,58,3,0,1164,50,61,1164,unknown,7,pcalg_pc,gcastle_dag/p=50/d=1/method=er,gcastle_sem/min=0.5/max=2.0,gcastle_iidsim/method=linear/sem_type=gumbel/noise_scale=1.0/n=10000/standardized=True,0.871,NA,pc,0.001,True,Inf,relaxed,stable,False,False,False,1,False,gaussCItest,NA
0.836065573770492,0.00588730025231287,0.114754098360656,17,NA,0,0.0491803278688525,58,3,0,1164,50,61,1164,unknown,7,pcalg_pc,gcastle_dag/p=50/d=1/method=er,gcastle_sem/min=0.5/max=2.0,gcastle_iidsim/method=linear/sem_type=gumbel/noise_scale=1.0/n=10000/standardized=True,0.951,NA,pc,0.002,True,Inf,relaxed,stable,False,False,False,1,False,gaussCItest,NA
0.868852459016393,0.00420521446593776,0.0819672131147541,13,NA,0,0.0491803278688525,58,3,0,1164,50,61,1164,unknown,7,pcalg_pc,gcastle_dag/p=50/d=1/method=er,gcastle_sem/min=0.5/max=2.0,gcastle_iidsim/method=linear/sem_type=gumbel/noise_scale=1.0/n=10000/standardized=True,0.945,NA,pc,0.005,True,Inf,relaxed,stable,False,False,False,1,False,gaussCItest,NA
0.860655737704918,0.00546677880571909,0.10655737704918,15,NA,0.0163934426229508,0.0491803278688525,58,3,1,1163,50,61,1164,unknown,7,pcalg_pc,gcastle_dag/p=50/d=1/method=er,gcastle_sem/min=0.5/max=2.0,gcastle_iidsim/method=linear/sem_type=gumbel/noise_scale=1.0/n=10000/standardized=True,0.983,NA,pc,0.01,True,Inf,relaxed,stable,False,False,False,1,False,gaussCItest,NA
0.885245901639344,0.00504625735912532,0.0983606557377049,13,NA,0.0163934426229508,0.0327868852459016,59,2,1,1163,50,61,1164,unknown,7,pcalg_pc,gcastle_dag/p=50/d=1/method=er,gcastle_sem/min=0.5/max=2.0,gcastle_iidsim/method=linear/sem_type=gumbel/noise_scale=1.0/n=10000/standardized=True,1.491,NA,pc,0.02,True,Inf,relaxed,stable,False,False,False,1,False,gaussCItest,NA
0.885245901639344,0.00588730025231287,0.114754098360656,14,NA,0.0327868852459016,0.0327868852459016,59,2,2,1162,50,61,1164,unknown,7,pcalg_pc,gcastle_dag/p=50/d=1/method=er,gcastle_sem/min=0.5/max=2.0,gcastle_iidsim/method=linear/sem_type=gumbel/noise_scale=1.0/n=10000/standardized=True,1.793,NA,pc,0.05,True,Inf,relaxed,stable,False,False,False,1,False,gaussCItest,NA
0.868852459016393,0.00756938603868797,0.147540983606557,17,NA,0.0491803278688525,0.0327868852459016,59,2,3,1161,50,61,1164,unknown,7,pcalg_pc,gcastle_dag/p=50/d=1/method=er,gcastle_sem/min=0.5/max=2.0,gcastle_iidsim/method=linear/sem_type=gumbel/noise_scale=1.0/n=10000/standardized=True,2.093,NA,pc,0.1,True,Inf,relaxed,stable,False,False,False,1,False,gaussCItest,NA
0.786885245901639,0.0201850294365013,0.39344262295082,37,NA,0.213114754098361,0.0327868852459016,59,2,13,1151,50,61,1164,unknown,7,pcalg_pc,gcastle_dag/p=50/d=1/method=er,gcastle_sem/min=0.5/max=2.0,gcastle_iidsim/method=linear/sem_type=gumbel/noise_scale=1.0/n=10000/standardized=True,2.063,NA,pc,0.2,True,Inf,relaxed,stable,False,False,False,1,False,gaussCItest,NA
0.721311475409836,0.0328006728343146,0.639344262295082,56,NA,0.39344262295082,0.0327868852459016,59,2,24,1140,50,61,1164,unknown,7,pcalg_pc,gcastle_dag/p=50/d=1/method=er,gcastle_sem/min=0.5/max=2.0,gcastle_iidsim/method=linear/sem_type=gumbel/noise_scale=1.0/n=10000/standardized=True,3.073,NA,pc,0.3,True,Inf,relaxed,stable,False,False,False,1,False,gaussCItest,NA
0.672131147540984,0.0513036164844407,1,81,NA,0.704918032786885,0.0327868852459016,59,2,43,1121,50,61,1164,unknown,7,pcalg_pc,gcastle_dag/p=50/d=1/method=er,gcastle_sem/min=0.5/max=2.0,gcastle_iidsim/method=linear/sem_type=gumbel/noise_scale=1.0/n=10000/standardized=True,7.612,NA,pc,0.5,True,Inf,relaxed,stable,False,False,False,1,False,gaussCItest,NA
0.852272727272727,0.00290215588723051,0.0795454545454545,10,NA,0,0.0681818181818182,41,3,0,1181,50,44,1181,unknown,8,pcalg_pc,gcastle_dag/p=50/d=1/method=er,gcastle_sem/min=0.5/max=2.0,gcastle_iidsim/method=linear/sem_type=gumbel/noise_scale=1.0/n=10000/standardized=True,0.803,NA,pc,0.001,True,Inf,relaxed,stable,False,False,False,1,False,gaussCItest,NA
0.852272727272727,0.00290215588723051,0.0795454545454545,10,NA,0,0.0681818181818182,41,3,0,1181,50,44,1181,unknown,8,pcalg_pc,gcastle_dag/p=50/d=1/method=er,gcastle_sem/min=0.5/max=2.0,gcastle_iidsim/method=linear/sem_type=gumbel/noise_scale=1.0/n=10000/standardized=True,0.666,NA,pc,0.002,True,Inf,relaxed,stable,False,False,False,1,False,gaussCItest,NA
0.852272727272727,0.00373134328358209,0.102272727272727,11,NA,0.0227272727272727,0.0681818181818182,41,3,1,1180,50,44,1181,unknown,8,pcalg_pc,gcastle_dag/p=50/d=1/method=er,gcastle_sem/min=0.5/max=2.0,gcastle_iidsim/method=linear/sem_type=gumbel/noise_scale=1.0/n=10000/standardized=True,0.872,NA,pc,0.005,True,Inf,relaxed,stable,False,False,False,1,False,gaussCItest,NA
0.840909090909091,0.00497512437810945,0.136363636363636,13,NA,0.0454545454545455,0.0681818181818182,41,3,2,1179,50,44,1181,unknown,8,pcalg_pc,gcastle_dag/p=50/d=1/method=er,gcastle_sem/min=0.5/max=2.0,gcastle_iidsim/method=linear/sem_type=gumbel/noise_scale=1.0/n=10000/standardized=True,0.736,NA,pc,0.01,True,Inf,relaxed,stable,False,False,False,1,False,gaussCItest,NA
0.852272727272727,0.00621890547263682,0.170454545454545,14,NA,0.0909090909090909,0.0681818181818182,41,3,4,1177,50,44,1181,unknown,8,pcalg_pc,gcastle_dag/p=50/d=1/method=er,gcastle_sem/min=0.5/max=2.0,gcastle_iidsim/method=linear/sem_type=gumbel/noise_scale=1.0/n=10000/standardized=True,1.469,NA,pc,0.02,True,Inf,relaxed,stable,False,False,False,1,False,gaussCItest,NA
0.829545454545455,0.0120232172470978,0.329545454545455,22,NA,0.227272727272727,0.0681818181818182,41,3,10,1171,50,44,1181,unknown,8,pcalg_pc,gcastle_dag/p=50/d=1/method=er,gcastle_sem/min=0.5/max=2.0,gcastle_iidsim/method=linear/sem_type=gumbel/noise_scale=1.0/n=10000/standardized=True,1.085,NA,pc,0.05,True,Inf,relaxed,stable,False,False,False,1,False,gaussCItest,NA
0.761363636363636,0.0219734660033168,0.602272727272727,37,NA,0.431818181818182,0.0681818181818182,41,3,19,1162,50,44,1181,unknown,8,pcalg_pc,gcastle_dag/p=50/d=1/method=er,gcastle_sem/min=0.5/max=2.0,gcastle_iidsim/method=linear/sem_type=gumbel/noise_scale=1.0/n=10000/standardized=True,1.342,NA,pc,0.1,True,Inf,relaxed,stable,False,False,False,1,False,gaussCItest,NA
0.670454545454545,0.0460199004975124,1.26136363636364,70,NA,1,0.0681818181818182,41,3,44,1137,50,44,1181,unknown,8,pcalg_pc,gcastle_dag/p=50/d=1/method=er,gcastle_sem/min=0.5/max=2.0,gcastle_iidsim/method=linear/sem_type=gumbel/noise_scale=1.0/n=10000/standardized=True,2.844,NA,pc,0.2,True,Inf,relaxed,stable,False,False,False,1,False,gaussCItest,NA
0.613636363636364,0.0762852404643449,2.09090909090909,109,NA,1.79545454545455,0.0909090909090909,40,4,79,1102,50,44,1181,unknown,8,pcalg_pc,gcastle_dag/p=50/d=1/method=er,gcastle_sem/min=0.5/max=2.0,gcastle_iidsim/method=linear/sem_type=gumbel/noise_scale=1.0/n=10000/standardized=True,7.046,NA,pc,0.3,True,Inf,relaxed,stable,False,False,False,1,False,gaussCItest,NA
0.659090909090909,0.116086235489221,3.18181818181818,155,NA,2.90909090909091,0.0681818181818182,41,3,128,1053,50,44,1181,unknown,8,pcalg_pc,gcastle_dag/p=50/d=1/method=er,gcastle_sem/min=0.5/max=2.0,gcastle_iidsim/method=linear/sem_type=gumbel/noise_scale=1.0/n=10000/standardized=True,99.283,NA,pc,0.5,True,Inf,relaxed,stable,False,False,False,1,False,gaussCItest,NA
0.887931034482759,0.0037751677852349,0.0775862068965517,11,NA,0.0172413793103448,0.0517241379310345,55,3,1,1166,50,58,1167,unknown,9,pcalg_pc,gcastle_dag/p=50/d=1/method=er,gcastle_sem/min=0.5/max=2.0,gcastle_iidsim/method=linear/sem_type=gumbel/noise_scale=1.0/n=10000/standardized=True,1.077,NA,pc,0.001,True,Inf,relaxed,stable,False,False,False,1,False,gaussCItest,NA
0.887931034482759,0.0037751677852349,0.0775862068965517,11,NA,0.0172413793103448,0.0517241379310345,55,3,1,1166,50,58,1167,unknown,9,pcalg_pc,gcastle_dag/p=50/d=1/method=er,gcastle_sem/min=0.5/max=2.0,gcastle_iidsim/method=linear/sem_type=gumbel/noise_scale=1.0/n=10000/standardized=True,1.284,NA,pc,0.002,True,Inf,relaxed,stable,False,False,False,1,False,gaussCItest,NA
0.905172413793103,0.00293624161073826,0.0603448275862069,9,NA,0.0172413793103448,0.0517241379310345,55,3,1,1166,50,58,1167,unknown,9,pcalg_pc,gcastle_dag/p=50/d=1/method=er,gcastle_sem/min=0.5/max=2.0,gcastle_iidsim/method=linear/sem_type=gumbel/noise_scale=1.0/n=10000/standardized=True,0.952,NA,pc,0.005,True,Inf,relaxed,stable,False,False,False,1,False,gaussCItest,NA
0.905172413793103,0.0037751677852349,0.0775862068965517,10,NA,0.0344827586206897,0.0517241379310345,55,3,2,1165,50,58,1167,unknown,9,pcalg_pc,gcastle_dag/p=50/d=1/method=er,gcastle_sem/min=0.5/max=2.0,gcastle_iidsim/method=linear/sem_type=gumbel/noise_scale=1.0/n=10000/standardized=True,1.046,NA,pc,0.01,True,Inf,relaxed,stable,False,False,False,1,False,gaussCItest,NA
0.905172413793103,0.00461409395973154,0.0948275862068965,11,NA,0.0517241379310345,0.0517241379310345,55,3,3,1164,50,58,1167,unknown,9,pcalg_pc,gcastle_dag/p=50/d=1/method=er,gcastle_sem/min=0.5/max=2.0,gcastle_iidsim/method=linear/sem_type=gumbel/noise_scale=1.0/n=10000/standardized=True,1.349,NA,pc,0.02,True,Inf,relaxed,stable,False,False,False,1,False,gaussCItest,NA
0.922413793103448,0.00461409395973154,0.0948275862068965,10,NA,0.0517241379310345,0.0344827586206897,56,2,3,1164,50,58,1167,unknown,9,pcalg_pc,gcastle_dag/p=50/d=1/method=er,gcastle_sem/min=0.5/max=2.0,gcastle_iidsim/method=linear/sem_type=gumbel/noise_scale=1.0/n=10000/standardized=True,1.854,NA,pc,0.05,True,Inf,relaxed,stable,False,False,False,1,False,gaussCItest,NA
0.879310344827586,0.00922818791946309,0.189655172413793,18,NA,0.103448275862069,0.0344827586206897,56,2,6,1161,50,58,1167,unknown,9,pcalg_pc,gcastle_dag/p=50/d=1/method=er,gcastle_sem/min=0.5/max=2.0,gcastle_iidsim/method=linear/sem_type=gumbel/noise_scale=1.0/n=10000/standardized=True,2.645,NA,pc,0.1,True,Inf,relaxed,stable,False,False,False,1,False,gaussCItest,NA
0.844827586206897,0.0159395973154362,0.327586206896552,28,NA,0.224137931034483,0.0517241379310345,55,3,13,1154,50,58,1167,unknown,9,pcalg_pc,gcastle_dag/p=50/d=1/method=er,gcastle_sem/min=0.5/max=2.0,gcastle_iidsim/method=linear/sem_type=gumbel/noise_scale=1.0/n=10000/standardized=True,4.242,NA,pc,0.2,True,Inf,relaxed,stable,False,False,False,1,False,gaussCItest,NA
0.78448275862069,0.0264261744966443,0.543103448275862,44,NA,0.396551724137931,0.0689655172413793,54,4,23,1144,50,58,1167,unknown,9,pcalg_pc,gcastle_dag/p=50/d=1/method=er,gcastle_sem/min=0.5/max=2.0,gcastle_iidsim/method=linear/sem_type=gumbel/noise_scale=1.0/n=10000/standardized=True,5.74,NA,pc,0.3,True,Inf,relaxed,stable,False,False,False,1,False,gaussCItest,NA
0.724137931034483,0.049496644295302,1.01724137931034,75,NA,0.827586206896552,0.0862068965517241,53,5,48,1119,50,58,1167,unknown,9,pcalg_pc,gcastle_dag/p=50/d=1/method=er,gcastle_sem/min=0.5/max=2.0,gcastle_iidsim/method=linear/sem_type=gumbel/noise_scale=1.0/n=10000/standardized=True,6.651,NA,pc,0.5,True,Inf,relaxed,stable,False,False,False,1,False,gaussCItest,NA
0.75,0.00705980066445183,0.184782608695652,20,NA,0.0652173913043478,0.130434782608696,40,6,3,1176,50,46,1179,unknown,10,pcalg_pc,gcastle_dag/p=50/d=1/method=er,gcastle_sem/min=0.5/max=2.0,gcastle_iidsim/method=linear/sem_type=gumbel/noise_scale=1.0/n=10000/standardized=True,0.392,NA,pc,0.001,True,Inf,relaxed,stable,False,False,False,1,False,gaussCItest,NA
0.75,0.00705980066445183,0.184782608695652,20,NA,0.0652173913043478,0.130434782608696,40,6,3,1176,50,46,1179,unknown,10,pcalg_pc,gcastle_dag/p=50/d=1/method=er,gcastle_sem/min=0.5/max=2.0,gcastle_iidsim/method=linear/sem_type=gumbel/noise_scale=1.0/n=10000/standardized=True,0.391,NA,pc,0.002,True,Inf,relaxed,stable,False,False,False,1,False,gaussCItest,NA
0.75,0.00622923588039867,0.16304347826087,19,NA,0.0434782608695652,0.130434782608696,40,6,2,1177,50,46,1179,unknown,10,pcalg_pc,gcastle_dag/p=50/d=1/method=er,gcastle_sem/min=0.5/max=2.0,gcastle_iidsim/method=linear/sem_type=gumbel/noise_scale=1.0/n=10000/standardized=True,0.744,NA,pc,0.005,True,Inf,relaxed,stable,False,False,False,1,False,gaussCItest,NA
0.83695652173913,0.00207641196013289,0.0543478260869565,10,NA,0,0.108695652173913,41,5,0,1179,50,46,1179,unknown,10,pcalg_pc,gcastle_dag/p=50/d=1/method=er,gcastle_sem/min=0.5/max=2.0,gcastle_iidsim/method=linear/sem_type=gumbel/noise_scale=1.0/n=10000/standardized=True,0.793,NA,pc,0.01,True,Inf,relaxed,stable,False,False,False,1,False,gaussCItest,NA
0.826086956521739,0.00332225913621262,0.0869565217391304,12,NA,0.0217391304347826,0.108695652173913,41,5,1,1178,50,46,1179,unknown,10,pcalg_pc,gcastle_dag/p=50/d=1/method=er,gcastle_sem/min=0.5/max=2.0,gcastle_iidsim/method=linear/sem_type=gumbel/noise_scale=1.0/n=10000/standardized=True,0.585,NA,pc,0.02,True,Inf,relaxed,stable,False,False,False,1,False,gaussCItest,NA
0.793478260869565,0.00622923588039867,0.16304347826087,17,NA,0.0652173913043478,0.108695652173913,41,5,3,1176,50,46,1179,unknown,10,pcalg_pc,gcastle_dag/p=50/d=1/method=er,gcastle_sem/min=0.5/max=2.0,gcastle_iidsim/method=linear/sem_type=gumbel/noise_scale=1.0/n=10000/standardized=True,0.691,NA,pc,0.05,True,Inf,relaxed,stable,False,False,False,1,False,gaussCItest,NA
0.717391304347826,0.0191029900332226,0.5,36,NA,0.326086956521739,0.108695652173913,41,5,15,1164,50,46,1179,unknown,10,pcalg_pc,gcastle_dag/p=50/d=1/method=er,gcastle_sem/min=0.5/max=2.0,gcastle_iidsim/method=linear/sem_type=gumbel/noise_scale=1.0/n=10000/standardized=True,0.939,NA,pc,0.1,True,Inf,relaxed,stable,False,False,False,1,False,gaussCItest,NA
0.706521739130435,0.0311461794019934,0.815217391304348,51,NA,0.630434782608696,0.108695652173913,41,5,29,1150,50,46,1179,unknown,10,pcalg_pc,gcastle_dag/p=50/d=1/method=er,gcastle_sem/min=0.5/max=2.0,gcastle_iidsim/method=linear/sem_type=gumbel/noise_scale=1.0/n=10000/standardized=True,1.259,NA,pc,0.2,True,Inf,relaxed,stable,False,False,False,1,False,gaussCItest,NA
0.652173913043478,0.0539867109634551,1.41304347826087,81,NA,1.17391304347826,0.108695652173913,41,5,54,1125,50,46,1179,unknown,10,pcalg_pc,gcastle_dag/p=50/d=1/method=er,gcastle_sem/min=0.5/max=2.0,gcastle_iidsim/method=linear/sem_type=gumbel/noise_scale=1.0/n=10000/standardized=True,3.163,NA,pc,0.3,True,Inf,relaxed,stable,False,False,False,1,False,gaussCItest,NA
0.619565217391304,0.107558139534884,2.81521739130435,147,NA,2.52173913043478,0.0869565217391304,42,4,116,1063,50,46,1179,unknown,10,pcalg_pc,gcastle_dag/p=50/d=1/method=er,gcastle_sem/min=0.5/max=2.0,gcastle_iidsim/method=linear/sem_type=gumbel/noise_scale=1.0/n=10000/standardized=True,106.534,NA,pc,0.5,True,Inf,relaxed,stable,False,False,False,1,False,gaussCItest,NA
0.740740740740741,0.0250836120401338,0.555555555555556,44,NA,0.37037037037037,0.0740740740740741,50,4,20,1151,50,54,1171,unknown,1,pcalg_pc,gcastle_dag/p=50/d=1/method=er,sem_params/min=0.25/max=1,gcastle_iidsim/method=nonlinear/sem_type=gp/noise_scale=1.0/n=10000/standardized=True,0.638,NA,pc,0.001,True,Inf,relaxed,stable,False,False,False,1,False,gaussCItest,NA
0.759259259259259,0.0267558528428094,0.592592592592593,45,NA,0.407407407407407,0.0555555555555556,51,3,22,1149,50,54,1171,unknown,1,pcalg_pc,gcastle_dag/p=50/d=1/method=er,sem_params/min=0.25/max=1,gcastle_iidsim/method=nonlinear/sem_type=gp/noise_scale=1.0/n=10000/standardized=True,0.716,NA,pc,0.002,True,Inf,relaxed,stable,False,False,False,1,False,gaussCItest,NA
0.759259259259259,0.0267558528428094,0.592592592592593,45,NA,0.407407407407407,0.0555555555555556,51,3,22,1149,50,54,1171,unknown,1,pcalg_pc,gcastle_dag/p=50/d=1/method=er,sem_params/min=0.25/max=1,gcastle_iidsim/method=nonlinear/sem_type=gp/noise_scale=1.0/n=10000/standardized=True,0.763,NA,pc,0.005,True,Inf,relaxed,stable,False,False,False,1,False,gaussCItest,NA
0.759259259259259,0.0301003344481605,0.666666666666667,49,NA,0.481481481481481,0.0555555555555556,51,3,26,1145,50,54,1171,unknown,1,pcalg_pc,gcastle_dag/p=50/d=1/method=er,sem_params/min=0.25/max=1,gcastle_iidsim/method=nonlinear/sem_type=gp/noise_scale=1.0/n=10000/standardized=True,0.935,NA,pc,0.01,True,Inf,relaxed,stable,False,False,False,1,False,gaussCItest,NA
0.768518518518518,0.0330267558528428,0.731481481481482,52,NA,0.537037037037037,0.037037037037037,52,2,29,1142,50,54,1171,unknown,1,pcalg_pc,gcastle_dag/p=50/d=1/method=er,sem_params/min=0.25/max=1,gcastle_iidsim/method=nonlinear/sem_type=gp/noise_scale=1.0/n=10000/standardized=True,1.133,NA,pc,0.02,True,Inf,relaxed,stable,False,False,False,1,False,gaussCItest,NA
0.75,0.0438963210702341,0.972222222222222,66,NA,0.740740740740741,0.0185185185185185,53,1,40,1131,50,54,1171,unknown,1,pcalg_pc,gcastle_dag/p=50/d=1/method=er,sem_params/min=0.25/max=1,gcastle_iidsim/method=nonlinear/sem_type=gp/noise_scale=1.0/n=10000/standardized=True,2.008,NA,pc,0.05,True,Inf,relaxed,stable,False,False,False,1,False,gaussCItest,NA
0.694444444444444,0.0731605351170569,1.62037037037037,104,NA,1.33333333333333,0.0185185185185185,53,1,72,1099,50,54,1171,unknown,1,pcalg_pc,gcastle_dag/p=50/d=1/method=er,sem_params/min=0.25/max=1,gcastle_iidsim/method=nonlinear/sem_type=gp/noise_scale=1.0/n=10000/standardized=True,5.441,NA,pc,0.1,True,Inf,relaxed,stable,False,False,False,1,False,gaussCItest,NA
0.675925925925926,0.123327759197324,2.73148148148148,165,167,2.42592592592593,0.0185185185185185,53,1,131,1040,50,54,1171,dag,1,pcalg_pc,gcastle_dag/p=50/d=1/method=er,sem_params/min=0.25/max=1,gcastle_iidsim/method=nonlinear/sem_type=gp/noise_scale=1.0/n=10000/standardized=True,53.138,NA,pc,0.2,True,Inf,relaxed,stable,False,False,False,1,False,gaussCItest,NA
0.675925925925926,0.16680602006689,3.69444444444444,217,218,3.38888888888889,0.0185185185185185,53,1,183,988,50,54,1171,dag,1,pcalg_pc,gcastle_dag/p=50/d=1/method=er,sem_params/min=0.25/max=1,gcastle_iidsim/method=nonlinear/sem_type=gp/noise_scale=1.0/n=10000/standardized=True,111.386,NA,pc,0.3,True,Inf,relaxed,stable,False,False,False,1,False,gaussCItest,NA
0.675925925925926,0.263795986622074,5.84259259259259,333,334,5.53703703703704,0.0185185185185185,53,1,299,872,50,54,1171,dag,1,pcalg_pc,gcastle_dag/p=50/d=1/method=er,sem_params/min=0.25/max=1,gcastle_iidsim/method=nonlinear/sem_type=gp/noise_scale=1.0/n=10000/standardized=True,2649.74,NA,pc,0.5,True,Inf,relaxed,stable,False,False,False,1,False,gaussCItest,NA
0.794117647058823,0.0137614678899083,0.323529411764706,27,NA,0.137254901960784,0.0196078431372549,50,1,7,1167,50,51,1174,unknown,2,pcalg_pc,gcastle_dag/p=50/d=1/method=er,sem_params/min=0.25/max=1,gcastle_iidsim/method=nonlinear/sem_type=gp/noise_scale=1.0/n=10000/standardized=True,0.537,NA,pc,0.001,True,Inf,relaxed,stable,False,False,False,1,False,gaussCItest,NA
0.794117647058823,0.0137614678899083,0.323529411764706,27,NA,0.137254901960784,0.0196078431372549,50,1,7,1167,50,51,1174,unknown,2,pcalg_pc,gcastle_dag/p=50/d=1/method=er,sem_params/min=0.25/max=1,gcastle_iidsim/method=nonlinear/sem_type=gp/noise_scale=1.0/n=10000/standardized=True,0.484,NA,pc,0.002,True,Inf,relaxed,stable,False,False,False,1,False,gaussCItest,NA
0.725490196078431,0.0166805671392827,0.392156862745098,34,NA,0.156862745098039,0.0392156862745098,49,2,8,1166,50,51,1174,unknown,2,pcalg_pc,gcastle_dag/p=50/d=1/method=er,sem_params/min=0.25/max=1,gcastle_iidsim/method=nonlinear/sem_type=gp/noise_scale=1.0/n=10000/standardized=True,0.442,NA,pc,0.005,True,Inf,relaxed,stable,False,False,False,1,False,gaussCItest,NA
0.735294117647059,0.0195996663886572,0.46078431372549,37,NA,0.215686274509804,0.0196078431372549,50,1,11,1163,50,51,1174,unknown,2,pcalg_pc,gcastle_dag/p=50/d=1/method=er,sem_params/min=0.25/max=1,gcastle_iidsim/method=nonlinear/sem_type=gp/noise_scale=1.0/n=10000/standardized=True,0.683,NA,pc,0.01,True,Inf,relaxed,stable,False,False,False,1,False,gaussCItest,NA
0.745098039215686,0.02418682235196,0.568627450980392,42,NA,0.333333333333333,0.0196078431372549,50,1,17,1157,50,51,1174,unknown,2,pcalg_pc,gcastle_dag/p=50/d=1/method=er,sem_params/min=0.25/max=1,gcastle_iidsim/method=nonlinear/sem_type=gp/noise_scale=1.0/n=10000/standardized=True,0.731,NA,pc,0.02,True,Inf,relaxed,stable,False,False,False,1,False,gaussCItest,NA
0.666666666666667,0.0417014178482068,0.980392156862745,67,NA,0.666666666666667,0.0196078431372549,50,1,34,1140,50,51,1174,unknown,2,pcalg_pc,gcastle_dag/p=50/d=1/method=er,sem_params/min=0.25/max=1,gcastle_iidsim/method=nonlinear/sem_type=gp/noise_scale=1.0/n=10000/standardized=True,1.32,NA,pc,0.05,True,Inf,relaxed,stable,False,False,False,1,False,gaussCItest,NA
0.607843137254902,0.0667222685571309,1.56862745098039,100,NA,1.19607843137255,0.0196078431372549,50,1,61,1113,50,51,1174,unknown,2,pcalg_pc,gcastle_dag/p=50/d=1/method=er,sem_params/min=0.25/max=1,gcastle_iidsim/method=nonlinear/sem_type=gp/noise_scale=1.0/n=10000/standardized=True,2.344,NA,pc,0.1,True,Inf,relaxed,stable,False,False,False,1,False,gaussCItest,NA
0.607843137254902,0.117597998331943,2.76470588235294,161,162,2.3921568627451,0.0196078431372549,50,1,122,1052,50,51,1174,dag,2,pcalg_pc,gcastle_dag/p=50/d=1/method=er,sem_params/min=0.25/max=1,gcastle_iidsim/method=nonlinear/sem_type=gp/noise_scale=1.0/n=10000/standardized=True,28.691,NA,pc,0.2,True,Inf,relaxed,stable,False,False,False,1,False,gaussCItest,NA
0.617647058823529,0.163886572143453,3.85294117647059,216,216,3.49019607843137,0.0196078431372549,50,1,178,996,50,51,1174,dag,2,pcalg_pc,gcastle_dag/p=50/d=1/method=er,sem_params/min=0.25/max=1,gcastle_iidsim/method=nonlinear/sem_type=gp/noise_scale=1.0/n=10000/standardized=True,425.763,NA,pc,0.3,True,Inf,relaxed,stable,False,False,False,1,False,gaussCItest,NA
0.627450980392157,0.277731442869058,6.52941176470588,352,351,6.15686274509804,0,51,0,314,860,50,51,1174,dag,2,pcalg_pc,gcastle_dag/p=50/d=1/method=er,sem_params/min=0.25/max=1,gcastle_iidsim/method=nonlinear/sem_type=gp/noise_scale=1.0/n=10000/standardized=True,36868.46,NA,pc,0.5,True,Inf,relaxed,stable,False,False,False,1,False,gaussCItest,NA
0.659090909090909,0.0132669983416252,0.363636363636364,31,NA,0.204545454545455,0.181818181818182,36,8,9,1172,50,44,1181,unknown,3,pcalg_pc,gcastle_dag/p=50/d=1/method=er,sem_params/min=0.25/max=1,gcastle_iidsim/method=nonlinear/sem_type=gp/noise_scale=1.0/n=10000/standardized=True,0.196,NA,pc,0.001,True,Inf,relaxed,stable,False,False,False,1,False,gaussCItest,NA
0.659090909090909,0.0157545605306799,0.431818181818182,34,NA,0.272727272727273,0.181818181818182,36,8,12,1169,50,44,1181,unknown,3,pcalg_pc,gcastle_dag/p=50/d=1/method=er,sem_params/min=0.25/max=1,gcastle_iidsim/method=nonlinear/sem_type=gp/noise_scale=1.0/n=10000/standardized=True,0.395,NA,pc,0.002,True,Inf,relaxed,stable,False,False,False,1,False,gaussCItest,NA
0.659090909090909,0.0199004975124378,0.545454545454545,39,NA,0.363636363636364,0.159090909090909,37,7,16,1165,50,44,1181,unknown,3,pcalg_pc,gcastle_dag/p=50/d=1/method=er,sem_params/min=0.25/max=1,gcastle_iidsim/method=nonlinear/sem_type=gp/noise_scale=1.0/n=10000/standardized=True,0.424,NA,pc,0.005,True,Inf,relaxed,stable,False,False,False,1,False,gaussCItest,NA
0.613636363636364,0.0257048092868988,0.704545454545455,48,NA,0.454545454545455,0.136363636363636,38,6,20,1161,50,44,1181,unknown,3,pcalg_pc,gcastle_dag/p=50/d=1/method=er,sem_params/min=0.25/max=1,gcastle_iidsim/method=nonlinear/sem_type=gp/noise_scale=1.0/n=10000/standardized=True,0.57,NA,pc,0.01,True,Inf,relaxed,stable,False,False,False,1,False,gaussCItest,NA
0.602272727272727,0.0319237147595357,0.875,56,NA,0.613636363636364,0.136363636363636,38,6,27,1154,50,44,1181,unknown,3,pcalg_pc,gcastle_dag/p=50/d=1/method=er,sem_params/min=0.25/max=1,gcastle_iidsim/method=nonlinear/sem_type=gp/noise_scale=1.0/n=10000/standardized=True,0.635,NA,pc,0.02,True,Inf,relaxed,stable,False,False,False,1,False,gaussCItest,NA
0.636363636363636,0.0422885572139304,1.15909090909091,67,NA,0.909090909090909,0.113636363636364,39,5,40,1141,50,44,1181,unknown,3,pcalg_pc,gcastle_dag/p=50/d=1/method=er,sem_params/min=0.25/max=1,gcastle_iidsim/method=nonlinear/sem_type=gp/noise_scale=1.0/n=10000/standardized=True,0.945,NA,pc,0.05,True,Inf,relaxed,stable,False,False,False,1,False,gaussCItest,NA
0.602272727272727,0.0634328358208955,1.73863636363636,94,NA,1.45454545454545,0.113636363636364,39,5,64,1117,50,44,1181,unknown,3,pcalg_pc,gcastle_dag/p=50/d=1/method=er,sem_params/min=0.25/max=1,gcastle_iidsim/method=nonlinear/sem_type=gp/noise_scale=1.0/n=10000/standardized=True,2.6,NA,pc,0.1,True,Inf,relaxed,stable,False,False,False,1,False,gaussCItest,NA
0.579545454545455,0.130597014925373,3.57954545454545,176,175,3.22727272727273,0.0681818181818182,41,3,142,1039,50,44,1181,dag,3,pcalg_pc,gcastle_dag/p=50/d=1/method=er,sem_params/min=0.25/max=1,gcastle_iidsim/method=nonlinear/sem_type=gp/noise_scale=1.0/n=10000/standardized=True,35.111,NA,pc,0.2,True,Inf,relaxed,stable,False,False,False,1,False,gaussCItest,NA
0.613636363636364,0.188225538971808,5.15909090909091,244,244,4.81818181818182,0.0454545454545455,42,2,212,969,50,44,1181,dag,3,pcalg_pc,gcastle_dag/p=50/d=1/method=er,sem_params/min=0.25/max=1,gcastle_iidsim/method=nonlinear/sem_type=gp/noise_scale=1.0/n=10000/standardized=True,150.258,NA,pc,0.3,True,Inf,relaxed,stable,False,False,False,1,False,gaussCItest,NA
0.636363636363636,0.314262023217247,8.61363636363636,395,395,8.27272727272727,0.0227272727272727,43,1,364,817,50,44,1181,dag,3,pcalg_pc,gcastle_dag/p=50/d=1/method=er,sem_params/min=0.25/max=1,gcastle_iidsim/method=nonlinear/sem_type=gp/noise_scale=1.0/n=10000/standardized=True,98514.78,NA,pc,0.5,True,Inf,relaxed,stable,False,False,False,1,False,gaussCItest,NA
0.718181818181818,0.0196652719665272,0.427272727272727,39,NA,0.254545454545455,0.109090909090909,49,6,14,1156,50,55,1170,unknown,4,pcalg_pc,gcastle_dag/p=50/d=1/method=er,sem_params/min=0.25/max=1,gcastle_iidsim/method=nonlinear/sem_type=gp/noise_scale=1.0/n=10000/standardized=True,0.584,NA,pc,0.001,True,Inf,relaxed,stable,False,False,False,1,False,gaussCItest,NA
0.718181818181818,0.0213389121338912,0.463636363636364,41,NA,0.272727272727273,0.0909090909090909,50,5,15,1155,50,55,1170,unknown,4,pcalg_pc,gcastle_dag/p=50/d=1/method=er,sem_params/min=0.25/max=1,gcastle_iidsim/method=nonlinear/sem_type=gp/noise_scale=1.0/n=10000/standardized=True,0.501,NA,pc,0.002,True,Inf,relaxed,stable,False,False,False,1,False,gaussCItest,NA
0.736363636363636,0.0246861924686192,0.536363636363636,44,NA,0.327272727272727,0.0545454545454545,52,3,18,1152,50,55,1170,unknown,4,pcalg_pc,gcastle_dag/p=50/d=1/method=er,sem_params/min=0.25/max=1,gcastle_iidsim/method=nonlinear/sem_type=gp/noise_scale=1.0/n=10000/standardized=True,0.605,NA,pc,0.005,True,Inf,relaxed,stable,False,False,False,1,False,gaussCItest,NA
0.709090909090909,0.0292887029288703,0.636363636363636,51,NA,0.4,0.0545454545454545,52,3,22,1148,50,55,1170,unknown,4,pcalg_pc,gcastle_dag/p=50/d=1/method=er,sem_params/min=0.25/max=1,gcastle_iidsim/method=nonlinear/sem_type=gp/noise_scale=1.0/n=10000/standardized=True,0.701,NA,pc,0.01,True,Inf,relaxed,stable,False,False,False,1,False,gaussCItest,NA
0.690909090909091,0.0368200836820084,0.8,61,NA,0.545454545454545,0.0545454545454545,52,3,30,1140,50,55,1170,unknown,4,pcalg_pc,gcastle_dag/p=50/d=1/method=er,sem_params/min=0.25/max=1,gcastle_iidsim/method=nonlinear/sem_type=gp/noise_scale=1.0/n=10000/standardized=True,0.837,NA,pc,0.02,True,Inf,relaxed,stable,False,False,False,1,False,gaussCItest,NA
0.690909090909091,0.0493723849372385,1.07272727272727,76,NA,0.8,0.0363636363636364,53,2,44,1126,50,55,1170,unknown,4,pcalg_pc,gcastle_dag/p=50/d=1/method=er,sem_params/min=0.25/max=1,gcastle_iidsim/method=nonlinear/sem_type=gp/noise_scale=1.0/n=10000/standardized=True,2.191,NA,pc,0.05,True,Inf,relaxed,stable,False,False,False,1,False,gaussCItest,NA
0.690909090909091,0.0644351464435146,1.4,94,NA,1.12727272727273,0.0363636363636364,53,2,62,1108,50,55,1170,unknown,4,pcalg_pc,gcastle_dag/p=50/d=1/method=er,sem_params/min=0.25/max=1,gcastle_iidsim/method=nonlinear/sem_type=gp/noise_scale=1.0/n=10000/standardized=True,8.585,NA,pc,0.1,True,Inf,relaxed,stable,False,False,False,1,False,gaussCItest,NA
0.681818181818182,0.12092050209205,2.62727272727273,162,163,2.34545454545455,0.0363636363636364,53,2,129,1041,50,55,1170,dag,4,pcalg_pc,gcastle_dag/p=50/d=1/method=er,sem_params/min=0.25/max=1,gcastle_iidsim/method=nonlinear/sem_type=gp/noise_scale=1.0/n=10000/standardized=True,59.604,NA,pc,0.2,True,Inf,relaxed,stable,False,False,False,1,False,gaussCItest,NA
0.672727272727273,0.161506276150628,3.50909090909091,211,211,3.21818181818182,0.0363636363636364,53,2,177,993,50,55,1170,dag,4,pcalg_pc,gcastle_dag/p=50/d=1/method=er,sem_params/min=0.25/max=1,gcastle_iidsim/method=nonlinear/sem_type=gp/noise_scale=1.0/n=10000/standardized=True,286.495,NA,pc,0.3,True,Inf,relaxed,stable,False,False,False,1,False,gaussCItest,NA
0.672727272727273,0.276150627615063,6,348,348,5.70909090909091,0.0363636363636364,53,2,314,856,50,55,1170,dag,4,pcalg_pc,gcastle_dag/p=50/d=1/method=er,sem_params/min=0.25/max=1,gcastle_iidsim/method=nonlinear/sem_type=gp/noise_scale=1.0/n=10000/standardized=True,27635.15,NA,pc,0.5,True,Inf,relaxed,stable,False,False,False,1,False,gaussCItest,NA
0.509615384615385,0.0212854757929883,0.490384615384615,51,NA,0.269230769230769,0.269230769230769,38,14,14,1159,50,52,1173,unknown,5,pcalg_pc,gcastle_dag/p=50/d=1/method=er,sem_params/min=0.25/max=1,gcastle_iidsim/method=nonlinear/sem_type=gp/noise_scale=1.0/n=10000/standardized=True,0.513,NA,pc,0.001,True,Inf,relaxed,stable,False,False,False,1,False,gaussCItest,NA
0.557692307692308,0.0225375626043406,0.519230769230769,50,NA,0.307692307692308,0.230769230769231,40,12,16,1157,50,52,1173,unknown,5,pcalg_pc,gcastle_dag/p=50/d=1/method=er,sem_params/min=0.25/max=1,gcastle_iidsim/method=nonlinear/sem_type=gp/noise_scale=1.0/n=10000/standardized=True,0.314,NA,pc,0.002,True,Inf,relaxed,stable,False,False,False,1,False,gaussCItest,NA
0.538461538461538,0.0242070116861436,0.557692307692308,53,NA,0.326923076923077,0.230769230769231,40,12,17,1156,50,52,1173,unknown,5,pcalg_pc,gcastle_dag/p=50/d=1/method=er,sem_params/min=0.25/max=1,gcastle_iidsim/method=nonlinear/sem_type=gp/noise_scale=1.0/n=10000/standardized=True,0.226,NA,pc,0.005,True,Inf,relaxed,stable,False,False,False,1,False,gaussCItest,NA
0.538461538461538,0.0292153589315526,0.673076923076923,59,NA,0.423076923076923,0.211538461538462,41,11,22,1151,50,52,1173,unknown,5,pcalg_pc,gcastle_dag/p=50/d=1/method=er,sem_params/min=0.25/max=1,gcastle_iidsim/method=nonlinear/sem_type=gp/noise_scale=1.0/n=10000/standardized=True,0.458,NA,pc,0.01,True,Inf,relaxed,stable,False,False,False,1,False,gaussCItest,NA
0.538461538461538,0.0342237061769616,0.788461538461538,65,NA,0.538461538461538,0.211538461538462,41,11,28,1145,50,52,1173,unknown,5,pcalg_pc,gcastle_dag/p=50/d=1/method=er,sem_params/min=0.25/max=1,gcastle_iidsim/method=nonlinear/sem_type=gp/noise_scale=1.0/n=10000/standardized=True,0.5,NA,pc,0.02,True,Inf,relaxed,stable,False,False,False,1,False,gaussCItest,NA
0.528846153846154,0.0429883138564274,0.990384615384615,76,NA,0.730769230769231,0.211538461538462,41,11,38,1135,50,52,1173,unknown,5,pcalg_pc,gcastle_dag/p=50/d=1/method=er,sem_params/min=0.25/max=1,gcastle_iidsim/method=nonlinear/sem_type=gp/noise_scale=1.0/n=10000/standardized=True,0.907,NA,pc,0.05,True,Inf,relaxed,stable,False,False,False,1,False,gaussCItest,NA
0.538461538461538,0.0784641068447412,1.80769230769231,118,118,1.51923076923077,0.173076923076923,43,9,79,1094,50,52,1173,dag,5,pcalg_pc,gcastle_dag/p=50/d=1/method=er,sem_params/min=0.25/max=1,gcastle_iidsim/method=nonlinear/sem_type=gp/noise_scale=1.0/n=10000/standardized=True,2.092,NA,pc,0.1,True,Inf,relaxed,stable,False,False,False,1,False,gaussCItest,NA
0.557692307692308,0.13355592654424,3.07692307692308,183,182,2.76923076923077,0.134615384615385,45,7,144,1029,50,52,1173,dag,5,pcalg_pc,gcastle_dag/p=50/d=1/method=er,sem_params/min=0.25/max=1,gcastle_iidsim/method=nonlinear/sem_type=gp/noise_scale=1.0/n=10000/standardized=True,57.743,NA,pc,0.2,True,Inf,relaxed,stable,False,False,False,1,False,gaussCItest,NA
0.576923076923077,0.189482470784641,4.36538461538461,249,248,4.01923076923077,0.0769230769230769,48,4,209,964,50,52,1173,dag,5,pcalg_pc,gcastle_dag/p=50/d=1/method=er,sem_params/min=0.25/max=1,gcastle_iidsim/method=nonlinear/sem_type=gp/noise_scale=1.0/n=10000/standardized=True,489.128,NA,pc,0.3,True,Inf,relaxed,stable,False,False,False,1,False,gaussCItest,NA
0.596153846153846,0.287979966611018,6.63461538461539,366,365,6.28846153846154,0.0576923076923077,49,3,327,846,50,52,1173,dag,5,pcalg_pc,gcastle_dag/p=50/d=1/method=er,sem_params/min=0.25/max=1,gcastle_iidsim/method=nonlinear/sem_type=gp/noise_scale=1.0/n=10000/standardized=True,39205.29,NA,pc,0.5,True,Inf,relaxed,stable,False,False,False,1,False,gaussCItest,NA
0.6640625,0.019814502529511,0.3671875,45,NA,0.171875,0.140625,55,9,11,1150,50,64,1161,unknown,6,pcalg_pc,gcastle_dag/p=50/d=1/method=er,sem_params/min=0.25/max=1,gcastle_iidsim/method=nonlinear/sem_type=gp/noise_scale=1.0/n=10000/standardized=True,0.53,NA,pc,0.001,True,Inf,relaxed,stable,False,False,False,1,False,gaussCItest,NA
0.6640625,0.019814502529511,0.3671875,45,NA,0.171875,0.140625,55,9,11,1150,50,64,1161,unknown,6,pcalg_pc,gcastle_dag/p=50/d=1/method=er,sem_params/min=0.25/max=1,gcastle_iidsim/method=nonlinear/sem_type=gp/noise_scale=1.0/n=10000/standardized=True,0.735,NA,pc,0.002,True,Inf,relaxed,stable,False,False,False,1,False,gaussCItest,NA
0.671875,0.0219224283305228,0.40625,47,NA,0.21875,0.140625,55,9,14,1147,50,64,1161,unknown,6,pcalg_pc,gcastle_dag/p=50/d=1/method=er,sem_params/min=0.25/max=1,gcastle_iidsim/method=nonlinear/sem_type=gp/noise_scale=1.0/n=10000/standardized=True,0.812,NA,pc,0.005,True,Inf,relaxed,stable,False,False,False,1,False,gaussCItest,NA
0.671875,0.0244519392917369,0.453125,50,NA,0.25,0.125,56,8,16,1145,50,64,1161,unknown,6,pcalg_pc,gcastle_dag/p=50/d=1/method=er,sem_params/min=0.25/max=1,gcastle_iidsim/method=nonlinear/sem_type=gp/noise_scale=1.0/n=10000/standardized=True,0.777,NA,pc,0.01,True,Inf,relaxed,stable,False,False,False,1,False,gaussCItest,NA
0.6640625,0.0290893760539629,0.5390625,56,NA,0.328125,0.125,56,8,21,1140,50,64,1161,unknown,6,pcalg_pc,gcastle_dag/p=50/d=1/method=er,sem_params/min=0.25/max=1,gcastle_iidsim/method=nonlinear/sem_type=gp/noise_scale=1.0/n=10000/standardized=True,1.058,NA,pc,0.02,True,Inf,relaxed,stable,False,False,False,1,False,gaussCItest,NA
0.671875,0.0396290050590219,0.734375,68,NA,0.484375,0.078125,59,5,31,1130,50,64,1161,unknown,6,pcalg_pc,gcastle_dag/p=50/d=1/method=er,sem_params/min=0.25/max=1,gcastle_iidsim/method=nonlinear/sem_type=gp/noise_scale=1.0/n=10000/standardized=True,3.036,NA,pc,0.05,True,Inf,relaxed,stable,False,False,False,1,False,gaussCItest,NA
0.625,0.0699831365935919,1.296875,107,104,1,0.078125,59,5,64,1097,50,64,1161,dag,6,pcalg_pc,gcastle_dag/p=50/d=1/method=er,sem_params/min=0.25/max=1,gcastle_iidsim/method=nonlinear/sem_type=gp/noise_scale=1.0/n=10000/standardized=True,4.413,NA,pc,0.1,True,Inf,relaxed,stable,False,False,False,1,False,gaussCItest,NA
0.65625,0.113827993254637,2.109375,157,154,1.8125,0.046875,61,3,116,1045,50,64,1161,dag,6,pcalg_pc,gcastle_dag/p=50/d=1/method=er,sem_params/min=0.25/max=1,gcastle_iidsim/method=nonlinear/sem_type=gp/noise_scale=1.0/n=10000/standardized=True,31.198,NA,pc,0.2,True,Inf,relaxed,stable,False,False,False,1,False,gaussCItest,NA
0.65625,0.169477234401349,3.140625,223,220,2.828125,0.03125,62,2,181,980,50,64,1161,dag,6,pcalg_pc,gcastle_dag/p=50/d=1/method=er,sem_params/min=0.25/max=1,gcastle_iidsim/method=nonlinear/sem_type=gp/noise_scale=1.0/n=10000/standardized=True,604.822,NA,pc,0.3,True,Inf,relaxed,stable,False,False,False,1,False,gaussCItest,NA
0.65625,0.259696458684654,4.8125,330,327,4.5,0.03125,62,2,288,873,50,64,1161,dag,6,pcalg_pc,gcastle_dag/p=50/d=1/method=er,sem_params/min=0.25/max=1,gcastle_iidsim/method=nonlinear/sem_type=gp/noise_scale=1.0/n=10000/standardized=True,14120.36,NA,pc,0.5,True,Inf,relaxed,stable,False,False,False,1,False,gaussCItest,NA
0.60655737704918,0.031959629941127,0.622950819672131,62,NA,0.39344262295082,0.163934426229508,51,10,24,1140,50,61,1164,unknown,7,pcalg_pc,gcastle_dag/p=50/d=1/method=er,sem_params/min=0.25/max=1,gcastle_iidsim/method=nonlinear/sem_type=gp/noise_scale=1.0/n=10000/standardized=True,1.878,NA,pc,0.001,True,Inf,relaxed,stable,False,False,False,1,False,gaussCItest,NA
0.614754098360656,0.0315391084945332,0.614754098360656,61,NA,0.39344262295082,0.163934426229508,51,10,24,1140,50,61,1164,unknown,7,pcalg_pc,gcastle_dag/p=50/d=1/method=er,sem_params/min=0.25/max=1,gcastle_iidsim/method=nonlinear/sem_type=gp/noise_scale=1.0/n=10000/standardized=True,2.71,NA,pc,0.002,True,Inf,relaxed,stable,False,False,False,1,False,gaussCItest,NA
0.631147540983607,0.0382674516400336,0.745901639344262,68,NA,0.508196721311475,0.131147540983607,53,8,31,1133,50,61,1164,unknown,7,pcalg_pc,gcastle_dag/p=50/d=1/method=er,sem_params/min=0.25/max=1,gcastle_iidsim/method=nonlinear/sem_type=gp/noise_scale=1.0/n=10000/standardized=True,2.024,NA,pc,0.005,True,Inf,relaxed,stable,False,False,False,1,False,gaussCItest,NA
0.622950819672131,0.0412111017661901,0.80327868852459,72,NA,0.557377049180328,0.131147540983607,53,8,34,1130,50,61,1164,unknown,7,pcalg_pc,gcastle_dag/p=50/d=1/method=er,sem_params/min=0.25/max=1,gcastle_iidsim/method=nonlinear/sem_type=gp/noise_scale=1.0/n=10000/standardized=True,3.334,NA,pc,0.01,True,Inf,relaxed,stable,False,False,False,1,False,gaussCItest,NA
0.622950819672131,0.0487804878048781,0.950819672131147,81,NA,0.688524590163934,0.114754098360656,54,7,42,1122,50,61,1164,unknown,7,pcalg_pc,gcastle_dag/p=50/d=1/method=er,sem_params/min=0.25/max=1,gcastle_iidsim/method=nonlinear/sem_type=gp/noise_scale=1.0/n=10000/standardized=True,2.829,NA,pc,0.02,True,Inf,relaxed,stable,False,False,False,1,False,gaussCItest,NA
0.598360655737705,0.0618166526492851,1.20491803278689,98,NA,0.918032786885246,0.114754098360656,54,7,56,1108,50,61,1164,unknown,7,pcalg_pc,gcastle_dag/p=50/d=1/method=er,sem_params/min=0.25/max=1,gcastle_iidsim/method=nonlinear/sem_type=gp/noise_scale=1.0/n=10000/standardized=True,4.002,NA,pc,0.05,True,Inf,relaxed,stable,False,False,False,1,False,gaussCItest,NA
0.565573770491803,0.0820016820857864,1.59836065573771,124,122,1.26229508196721,0.0983606557377049,55,6,77,1087,50,61,1164,dag,7,pcalg_pc,gcastle_dag/p=50/d=1/method=er,sem_params/min=0.25/max=1,gcastle_iidsim/method=nonlinear/sem_type=gp/noise_scale=1.0/n=10000/standardized=True,12.481,NA,pc,0.1,True,Inf,relaxed,stable,False,False,False,1,False,gaussCItest,NA
0.565573770491803,0.120689655172414,2.35245901639344,170,NA,2,0.0819672131147541,56,5,122,1042,50,61,1164,unknown,7,pcalg_pc,gcastle_dag/p=50/d=1/method=er,sem_params/min=0.25/max=1,gcastle_iidsim/method=nonlinear/sem_type=gp/noise_scale=1.0/n=10000/standardized=True,80.407,NA,pc,0.2,True,Inf,relaxed,stable,False,False,False,1,False,gaussCItest,NA
0.557377049180328,0.160639192598823,3.13114754098361,218,NA,2.77049180327869,0.0819672131147541,56,5,169,995,50,61,1164,unknown,7,pcalg_pc,gcastle_dag/p=50/d=1/method=er,sem_params/min=0.25/max=1,gcastle_iidsim/method=nonlinear/sem_type=gp/noise_scale=1.0/n=10000/standardized=True,177.31,NA,pc,0.3,True,Inf,relaxed,stable,False,False,False,1,False,gaussCItest,NA
0.557377049180328,0.255677039529016,4.98360655737705,331,328,4.62295081967213,0.0819672131147541,56,5,282,882,50,61,1164,dag,7,pcalg_pc,gcastle_dag/p=50/d=1/method=er,sem_params/min=0.25/max=1,gcastle_iidsim/method=nonlinear/sem_type=gp/noise_scale=1.0/n=10000/standardized=True,4340.648,NA,pc,0.5,True,Inf,relaxed,stable,False,False,False,1,False,gaussCItest,NA
0.579545454545455,0.0211442786069652,0.579545454545455,44,NA,0.295454545454545,0.136363636363636,38,6,13,1168,50,44,1181,unknown,8,pcalg_pc,gcastle_dag/p=50/d=1/method=er,sem_params/min=0.25/max=1,gcastle_iidsim/method=nonlinear/sem_type=gp/noise_scale=1.0/n=10000/standardized=True,0.863,NA,pc,0.001,True,Inf,relaxed,stable,False,False,False,1,False,gaussCItest,NA
0.625,0.0219734660033168,0.602272727272727,43,NA,0.363636363636364,0.136363636363636,38,6,16,1165,50,44,1181,unknown,8,pcalg_pc,gcastle_dag/p=50/d=1/method=er,sem_params/min=0.25/max=1,gcastle_iidsim/method=nonlinear/sem_type=gp/noise_scale=1.0/n=10000/standardized=True,1.111,NA,pc,0.002,True,Inf,relaxed,stable,False,False,False,1,False,gaussCItest,NA
0.625,0.0236318407960199,0.647727272727273,45,NA,0.409090909090909,0.136363636363636,38,6,18,1163,50,44,1181,unknown,8,pcalg_pc,gcastle_dag/p=50/d=1/method=er,sem_params/min=0.25/max=1,gcastle_iidsim/method=nonlinear/sem_type=gp/noise_scale=1.0/n=10000/standardized=True,1.176,NA,pc,0.005,True,Inf,relaxed,stable,False,False,False,1,False,gaussCItest,NA
0.590909090909091,0.0306799336650083,0.840909090909091,55,NA,0.522727272727273,0.0909090909090909,40,4,23,1158,50,44,1181,unknown,8,pcalg_pc,gcastle_dag/p=50/d=1/method=er,sem_params/min=0.25/max=1,gcastle_iidsim/method=nonlinear/sem_type=gp/noise_scale=1.0/n=10000/standardized=True,1.716,NA,pc,0.01,True,Inf,relaxed,stable,False,False,False,1,False,gaussCItest,NA
0.590909090909091,0.0356550580431177,0.977272727272727,61,NA,0.659090909090909,0.0909090909090909,40,4,29,1152,50,44,1181,unknown,8,pcalg_pc,gcastle_dag/p=50/d=1/method=er,sem_params/min=0.25/max=1,gcastle_iidsim/method=nonlinear/sem_type=gp/noise_scale=1.0/n=10000/standardized=True,1.788,NA,pc,0.02,True,Inf,relaxed,stable,False,False,False,1,False,gaussCItest,NA
0.522727272727273,0.0530679933665008,1.45454545454545,85,NA,1.06818181818182,0.0909090909090909,40,4,47,1134,50,44,1181,unknown,8,pcalg_pc,gcastle_dag/p=50/d=1/method=er,sem_params/min=0.25/max=1,gcastle_iidsim/method=nonlinear/sem_type=gp/noise_scale=1.0/n=10000/standardized=True,3.017,NA,pc,0.05,True,Inf,relaxed,stable,False,False,False,1,False,gaussCItest,NA
0.522727272727273,0.0779436152570481,2.13636363636364,115,111,1.75,0.0909090909090909,40,4,77,1104,50,44,1181,dag,8,pcalg_pc,gcastle_dag/p=50/d=1/method=er,sem_params/min=0.25/max=1,gcastle_iidsim/method=nonlinear/sem_type=gp/noise_scale=1.0/n=10000/standardized=True,12.746,NA,pc,0.1,True,Inf,relaxed,stable,False,False,False,1,False,gaussCItest,NA
0.545454545454545,0.140961857379768,3.86363636363636,190,187,3.5,0.0909090909090909,40,4,154,1027,50,44,1181,dag,8,pcalg_pc,gcastle_dag/p=50/d=1/method=er,sem_params/min=0.25/max=1,gcastle_iidsim/method=nonlinear/sem_type=gp/noise_scale=1.0/n=10000/standardized=True,130.65,NA,pc,0.2,True,Inf,relaxed,stable,False,False,False,1,False,gaussCItest,NA
0.545454545454545,0.200663349917081,5.5,262,258,5.11363636363636,0.0681818181818182,41,3,225,956,50,44,1181,dag,8,pcalg_pc,gcastle_dag/p=50/d=1/method=er,sem_params/min=0.25/max=1,gcastle_iidsim/method=nonlinear/sem_type=gp/noise_scale=1.0/n=10000/standardized=True,1198.363,NA,pc,0.3,True,Inf,relaxed,stable,False,False,False,1,False,gaussCItest,NA
0.545454545454545,0.313432835820896,8.59090909090909,398,394,8.20454545454546,0.0681818181818182,41,3,361,820,50,44,1181,dag,8,pcalg_pc,gcastle_dag/p=50/d=1/method=er,sem_params/min=0.25/max=1,gcastle_iidsim/method=nonlinear/sem_type=gp/noise_scale=1.0/n=10000/standardized=True,238880.3,NA,pc,0.5,True,Inf,relaxed,stable,False,False,False,1,False,gaussCItest,NA
0.620689655172414,0.026006711409396,0.53448275862069,53,NA,0.327586206896552,0.172413793103448,48,10,19,1148,50,58,1167,unknown,9,pcalg_pc,gcastle_dag/p=50/d=1/method=er,sem_params/min=0.25/max=1,gcastle_iidsim/method=nonlinear/sem_type=gp/noise_scale=1.0/n=10000/standardized=True,1.322,NA,pc,0.001,True,Inf,relaxed,stable,False,False,False,1,False,gaussCItest,NA
0.594827586206897,0.0306208053691275,0.629310344827586,60,NA,0.396551724137931,0.172413793103448,48,10,23,1144,50,58,1167,unknown,9,pcalg_pc,gcastle_dag/p=50/d=1/method=er,sem_params/min=0.25/max=1,gcastle_iidsim/method=nonlinear/sem_type=gp/noise_scale=1.0/n=10000/standardized=True,1.403,NA,pc,0.002,True,Inf,relaxed,stable,False,False,False,1,False,gaussCItest,NA
0.603448275862069,0.0335570469798658,0.689655172413793,63,NA,0.46551724137931,0.172413793103448,48,10,27,1140,50,58,1167,unknown,9,pcalg_pc,gcastle_dag/p=50/d=1/method=er,sem_params/min=0.25/max=1,gcastle_iidsim/method=nonlinear/sem_type=gp/noise_scale=1.0/n=10000/standardized=True,1.992,NA,pc,0.005,True,Inf,relaxed,stable,False,False,False,1,False,gaussCItest,NA
0.594827586206897,0.036493288590604,0.75,67,NA,0.517241379310345,0.172413793103448,48,10,30,1137,50,58,1167,unknown,9,pcalg_pc,gcastle_dag/p=50/d=1/method=er,sem_params/min=0.25/max=1,gcastle_iidsim/method=nonlinear/sem_type=gp/noise_scale=1.0/n=10000/standardized=True,3.064,NA,pc,0.01,True,Inf,relaxed,stable,False,False,False,1,False,gaussCItest,NA
0.586206896551724,0.0427852348993289,0.879310344827586,75,NA,0.637931034482759,0.172413793103448,48,10,37,1130,50,58,1167,unknown,9,pcalg_pc,gcastle_dag/p=50/d=1/method=er,sem_params/min=0.25/max=1,gcastle_iidsim/method=nonlinear/sem_type=gp/noise_scale=1.0/n=10000/standardized=True,3.19,NA,pc,0.02,True,Inf,relaxed,stable,False,False,False,1,False,gaussCItest,NA
0.603448275862069,0.0587248322147651,1.20689655172414,93,NA,0.982758620689655,0.172413793103448,48,10,57,1110,50,58,1167,unknown,9,pcalg_pc,gcastle_dag/p=50/d=1/method=er,sem_params/min=0.25/max=1,gcastle_iidsim/method=nonlinear/sem_type=gp/noise_scale=1.0/n=10000/standardized=True,6.798,NA,pc,0.05,True,Inf,relaxed,stable,False,False,False,1,False,gaussCItest,NA
0.586206896551724,0.0855704697986577,1.75862068965517,126,122,1.48275862068966,0.137931034482759,50,8,86,1081,50,58,1167,dag,9,pcalg_pc,gcastle_dag/p=50/d=1/method=er,sem_params/min=0.25/max=1,gcastle_iidsim/method=nonlinear/sem_type=gp/noise_scale=1.0/n=10000/standardized=True,20.274,NA,pc,0.1,True,Inf,relaxed,stable,False,False,False,1,False,gaussCItest,NA
0.620689655172414,0.131711409395973,2.70689655172414,179,175,2.44827586206897,0.120689655172414,51,7,142,1025,50,58,1167,dag,9,pcalg_pc,gcastle_dag/p=50/d=1/method=er,sem_params/min=0.25/max=1,gcastle_iidsim/method=nonlinear/sem_type=gp/noise_scale=1.0/n=10000/standardized=True,42.922,NA,pc,0.2,True,Inf,relaxed,stable,False,False,False,1,False,gaussCItest,NA
0.637931034482759,0.186241610738255,3.82758620689655,243,239,3.56896551724138,0.103448275862069,52,6,207,960,50,58,1167,dag,9,pcalg_pc,gcastle_dag/p=50/d=1/method=er,sem_params/min=0.25/max=1,gcastle_iidsim/method=nonlinear/sem_type=gp/noise_scale=1.0/n=10000/standardized=True,209.594,NA,pc,0.3,True,Inf,relaxed,stable,False,False,False,1,False,gaussCItest,NA
0.629310344827586,0.303271812080537,6.23275862068965,383,379,5.96551724137931,0.103448275862069,52,6,346,821,50,58,1167,dag,9,pcalg_pc,gcastle_dag/p=50/d=1/method=er,sem_params/min=0.25/max=1,gcastle_iidsim/method=nonlinear/sem_type=gp/noise_scale=1.0/n=10000/standardized=True,46489.86,NA,pc,0.5,True,Inf,relaxed,stable,False,False,False,1,False,gaussCItest,NA
0.695652173913043,0.0199335548172757,0.521739130434783,38,NA,0.282608695652174,0.0652173913043478,43,3,13,1166,50,46,1179,unknown,10,pcalg_pc,gcastle_dag/p=50/d=1/method=er,sem_params/min=0.25/max=1,gcastle_iidsim/method=nonlinear/sem_type=gp/noise_scale=1.0/n=10000/standardized=True,0.914,NA,pc,0.001,True,Inf,relaxed,stable,False,False,False,1,False,gaussCItest,NA
0.695652173913043,0.0207641196013289,0.543478260869565,39,NA,0.304347826086957,0.0652173913043478,43,3,14,1165,50,46,1179,unknown,10,pcalg_pc,gcastle_dag/p=50/d=1/method=er,sem_params/min=0.25/max=1,gcastle_iidsim/method=nonlinear/sem_type=gp/noise_scale=1.0/n=10000/standardized=True,1.097,NA,pc,0.002,True,Inf,relaxed,stable,False,False,False,1,False,gaussCItest,NA
0.706521739130435,0.0211794019933555,0.554347826086957,39,NA,0.326086956521739,0.0652173913043478,43,3,15,1164,50,46,1179,unknown,10,pcalg_pc,gcastle_dag/p=50/d=1/method=er,sem_params/min=0.25/max=1,gcastle_iidsim/method=nonlinear/sem_type=gp/noise_scale=1.0/n=10000/standardized=True,1.553,NA,pc,0.005,True,Inf,relaxed,stable,False,False,False,1,False,gaussCItest,NA
0.652173913043478,0.0282392026578073,0.739130434782609,50,NA,0.456521739130435,0.0652173913043478,43,3,21,1158,50,46,1179,unknown,10,pcalg_pc,gcastle_dag/p=50/d=1/method=er,sem_params/min=0.25/max=1,gcastle_iidsim/method=nonlinear/sem_type=gp/noise_scale=1.0/n=10000/standardized=True,1.377,NA,pc,0.01,True,Inf,relaxed,stable,False,False,False,1,False,gaussCItest,NA
0.652173913043478,0.0307308970099668,0.804347826086957,53,NA,0.521739130434783,0.0652173913043478,43,3,24,1155,50,46,1179,unknown,10,pcalg_pc,gcastle_dag/p=50/d=1/method=er,sem_params/min=0.25/max=1,gcastle_iidsim/method=nonlinear/sem_type=gp/noise_scale=1.0/n=10000/standardized=True,1.514,NA,pc,0.02,True,Inf,relaxed,stable,False,False,False,1,False,gaussCItest,NA
0.597826086956522,0.0469269102990033,1.22826086956522,75,NA,0.891304347826087,0.0652173913043478,43,3,41,1138,50,46,1179,unknown,10,pcalg_pc,gcastle_dag/p=50/d=1/method=er,sem_params/min=0.25/max=1,gcastle_iidsim/method=nonlinear/sem_type=gp/noise_scale=1.0/n=10000/standardized=True,2.619,NA,pc,0.05,True,Inf,relaxed,stable,False,False,False,1,False,gaussCItest,NA
0.608695652173913,0.0739202657807309,1.93478260869565,107,NA,1.60869565217391,0.0652173913043478,43,3,74,1105,50,46,1179,unknown,10,pcalg_pc,gcastle_dag/p=50/d=1/method=er,sem_params/min=0.25/max=1,gcastle_iidsim/method=nonlinear/sem_type=gp/noise_scale=1.0/n=10000/standardized=True,17.551,NA,pc,0.1,True,Inf,relaxed,stable,False,False,False,1,False,gaussCItest,NA
0.619565217391304,0.123338870431894,3.22826086956522,166,165,2.89130434782609,0.0434782608695652,44,2,133,1046,50,46,1179,dag,10,pcalg_pc,gcastle_dag/p=50/d=1/method=er,sem_params/min=0.25/max=1,gcastle_iidsim/method=nonlinear/sem_type=gp/noise_scale=1.0/n=10000/standardized=True,115.796,NA,pc,0.2,True,Inf,relaxed,stable,False,False,False,1,False,gaussCItest,NA
0.619565217391304,0.174003322259136,4.55434782608696,227,226,4.21739130434783,0.0434782608695652,44,2,194,985,50,46,1179,dag,10,pcalg_pc,gcastle_dag/p=50/d=1/method=er,sem_params/min=0.25/max=1,gcastle_iidsim/method=nonlinear/sem_type=gp/noise_scale=1.0/n=10000/standardized=True,636.982,NA,pc,0.3,True,Inf,relaxed,stable,False,False,False,1,False,gaussCItest,NA
0.619565217391304,0.29609634551495,7.75,374,373,7.41304347826087,0.0434782608695652,44,2,341,838,50,46,1179,dag,10,pcalg_pc,gcastle_dag/p=50/d=1/method=er,sem_params/min=0.25/max=1,gcastle_iidsim/method=nonlinear/sem_type=gp/noise_scale=1.0/n=10000/standardized=True,233563.8,NA,pc,0.5,True,Inf,relaxed,stable,False,False,False,1,False,gaussCItest,NA
