TPR_pattern,FPR_pattern,FPRn_pattern,SHD_pattern,SHD_cpdag,FPR_skel,FNR_skel,TP_skel,FN_skel,FP_skel,TN_skel,n_nodes,true_n_edges_skel,true_n_non_edges_skel,graph_type,replicate,algorithm,adjmat,parameters,data,time,ntests,id,alpha,test,datatype,timeout
0.787037037037037,0.00459866220735786,0.101851851851852,17,24,0,0.111111111111111,48,6,0,1171,50,54,1171,dag,1,tetrad_fci,gcastle_dag/p=50/d=1/method=er,gcastle_sem/min=0.5/max=2.0,gcastle_iidsim/method=linear/sem_type=gumbel/noise_scale=1.0/n=10000/standardized=True,11.81,NA,fci,0.001,fisher-z-test,continuous,NA
0.787037037037037,0.00459866220735786,0.101851851851852,17,24,0,0.111111111111111,48,6,0,1171,50,54,1171,dag,1,tetrad_fci,gcastle_dag/p=50/d=1/method=er,gcastle_sem/min=0.5/max=2.0,gcastle_iidsim/method=linear/sem_type=gumbel/noise_scale=1.0/n=10000/standardized=True,12.59,NA,fci,0.002,fisher-z-test,continuous,NA
0.75,0.00627090301003344,0.138888888888889,21,24,0,0.111111111111111,48,6,0,1171,50,54,1171,dag,1,tetrad_fci,gcastle_dag/p=50/d=1/method=er,gcastle_sem/min=0.5/max=2.0,gcastle_iidsim/method=linear/sem_type=gumbel/noise_scale=1.0/n=10000/standardized=True,13.51,NA,fci,0.005,fisher-z-test,continuous,NA
0.768518518518518,0.00543478260869565,0.12037037037037,19,23,0,0.111111111111111,48,6,0,1171,50,54,1171,dag,1,tetrad_fci,gcastle_dag/p=50/d=1/method=er,gcastle_sem/min=0.5/max=2.0,gcastle_iidsim/method=linear/sem_type=gumbel/noise_scale=1.0/n=10000/standardized=True,29.61,NA,fci,0.01,fisher-z-test,continuous,NA
0.768518518518518,0.00627090301003344,0.138888888888889,20,24,0.0185185185185185,0.111111111111111,48,6,1,1170,50,54,1171,dag,1,tetrad_fci,gcastle_dag/p=50/d=1/method=er,gcastle_sem/min=0.5/max=2.0,gcastle_iidsim/method=linear/sem_type=gumbel/noise_scale=1.0/n=10000/standardized=True,20.36,NA,fci,0.02,fisher-z-test,continuous,NA
0.759259259259259,0.00752508361204013,0.166666666666667,22,25,0.037037037037037,0.111111111111111,48,6,2,1169,50,54,1171,dag,1,tetrad_fci,gcastle_dag/p=50/d=1/method=er,gcastle_sem/min=0.5/max=2.0,gcastle_iidsim/method=linear/sem_type=gumbel/noise_scale=1.0/n=10000/standardized=True,8.07,NA,fci,0.05,fisher-z-test,continuous,NA
0.759259259259259,0.0142140468227425,0.314814814814815,30,NA,0.148148148148148,0.0740740740740741,50,4,8,1163,50,54,1171,unknown,1,tetrad_fci,gcastle_dag/p=50/d=1/method=er,gcastle_sem/min=0.5/max=2.0,gcastle_iidsim/method=linear/sem_type=gumbel/noise_scale=1.0/n=10000/standardized=True,7.27,NA,fci,0.1,fisher-z-test,continuous,NA
0.833333333333333,0.0183946488294314,0.407407407407407,31,35,0.296296296296296,0.0555555555555556,51,3,16,1155,50,54,1171,dag,1,tetrad_fci,gcastle_dag/p=50/d=1/method=er,gcastle_sem/min=0.5/max=2.0,gcastle_iidsim/method=linear/sem_type=gumbel/noise_scale=1.0/n=10000/standardized=True,7.32,NA,fci,0.2,fisher-z-test,continuous,NA
0.712962962962963,0.0355351170568562,0.787037037037037,58,57,0.555555555555556,0.0555555555555556,51,3,30,1141,50,54,1171,dag,1,tetrad_fci,gcastle_dag/p=50/d=1/method=er,gcastle_sem/min=0.5/max=2.0,gcastle_iidsim/method=linear/sem_type=gumbel/noise_scale=1.0/n=10000/standardized=True,12.86,NA,fci,0.3,fisher-z-test,continuous,NA
0.685185185185185,0.0702341137123746,1.55555555555556,101,99,1.31481481481481,0.0740740740740741,50,4,71,1100,50,54,1171,dag,1,tetrad_fci,gcastle_dag/p=50/d=1/method=er,gcastle_sem/min=0.5/max=2.0,gcastle_iidsim/method=linear/sem_type=gumbel/noise_scale=1.0/n=10000/standardized=True,32.94,NA,fci,0.5,fisher-z-test,continuous,NA
0.794117647058823,0.00542118432026689,0.127450980392157,17,18,0,0.0784313725490196,47,4,0,1174,50,51,1174,dag,2,tetrad_fci,gcastle_dag/p=50/d=1/method=er,gcastle_sem/min=0.5/max=2.0,gcastle_iidsim/method=linear/sem_type=gumbel/noise_scale=1.0/n=10000/standardized=True,7.42,NA,fci,0.001,fisher-z-test,continuous,NA
0.823529411764706,0.00500417014178482,0.117647058823529,15,17,0,0.0588235294117647,48,3,0,1174,50,51,1174,dag,2,tetrad_fci,gcastle_dag/p=50/d=1/method=er,gcastle_sem/min=0.5/max=2.0,gcastle_iidsim/method=linear/sem_type=gumbel/noise_scale=1.0/n=10000/standardized=True,6.6,NA,fci,0.002,fisher-z-test,continuous,NA
0.833333333333333,0.00542118432026689,0.127450980392157,15,17,0,0.0392156862745098,49,2,0,1174,50,51,1174,dag,2,tetrad_fci,gcastle_dag/p=50/d=1/method=er,gcastle_sem/min=0.5/max=2.0,gcastle_iidsim/method=linear/sem_type=gumbel/noise_scale=1.0/n=10000/standardized=True,7.54,NA,fci,0.005,fisher-z-test,continuous,NA
0.833333333333333,0.00542118432026689,0.127450980392157,15,17,0,0.0392156862745098,49,2,0,1174,50,51,1174,dag,2,tetrad_fci,gcastle_dag/p=50/d=1/method=er,gcastle_sem/min=0.5/max=2.0,gcastle_iidsim/method=linear/sem_type=gumbel/noise_scale=1.0/n=10000/standardized=True,19.66,NA,fci,0.01,fisher-z-test,continuous,NA
0.872549019607843,0.00625521267723103,0.147058823529412,14,15,0.0392156862745098,0.0196078431372549,50,1,2,1172,50,51,1174,dag,2,tetrad_fci,gcastle_dag/p=50/d=1/method=er,gcastle_sem/min=0.5/max=2.0,gcastle_iidsim/method=linear/sem_type=gumbel/noise_scale=1.0/n=10000/standardized=True,7.42,NA,fci,0.02,fisher-z-test,continuous,NA
0.852941176470588,0.0104253544620517,0.245098039215686,20,20,0.117647058823529,0.0196078431372549,50,1,6,1168,50,51,1174,dag,2,tetrad_fci,gcastle_dag/p=50/d=1/method=er,gcastle_sem/min=0.5/max=2.0,gcastle_iidsim/method=linear/sem_type=gumbel/noise_scale=1.0/n=10000/standardized=True,8.01,NA,fci,0.05,fisher-z-test,continuous,NA
0.803921568627451,0.0166805671392827,0.392156862745098,30,28,0.215686274509804,0.0196078431372549,50,1,11,1163,50,51,1174,dag,2,tetrad_fci,gcastle_dag/p=50/d=1/method=er,gcastle_sem/min=0.5/max=2.0,gcastle_iidsim/method=linear/sem_type=gumbel/noise_scale=1.0/n=10000/standardized=True,8.11,NA,fci,0.1,fisher-z-test,continuous,NA
0.823529411764706,0.0275229357798165,0.647058823529412,42,NA,0.490196078431373,0.0196078431372549,50,1,25,1149,50,51,1174,unknown,2,tetrad_fci,gcastle_dag/p=50/d=1/method=er,gcastle_sem/min=0.5/max=2.0,gcastle_iidsim/method=linear/sem_type=gumbel/noise_scale=1.0/n=10000/standardized=True,8.54,NA,fci,0.2,fisher-z-test,continuous,NA
0.745098039215686,0.0475396163469558,1.11764705882353,70,NA,0.882352941176471,0.0196078431372549,50,1,45,1129,50,51,1174,unknown,2,tetrad_fci,gcastle_dag/p=50/d=1/method=er,gcastle_sem/min=0.5/max=2.0,gcastle_iidsim/method=linear/sem_type=gumbel/noise_scale=1.0/n=10000/standardized=True,9.3,NA,fci,0.3,fisher-z-test,continuous,NA
0.637254901960784,0.0946622185154295,2.22549019607843,132,NA,1.88235294117647,0.0196078431372549,50,1,96,1078,50,51,1174,unknown,2,tetrad_fci,gcastle_dag/p=50/d=1/method=er,gcastle_sem/min=0.5/max=2.0,gcastle_iidsim/method=linear/sem_type=gumbel/noise_scale=1.0/n=10000/standardized=True,27.65,NA,fci,0.5,fisher-z-test,continuous,NA
0.931818181818182,0.00165837479270315,0.0454545454545455,5,5,0,0.0227272727272727,43,1,0,1181,50,44,1181,dag,3,tetrad_fci,gcastle_dag/p=50/d=1/method=er,gcastle_sem/min=0.5/max=2.0,gcastle_iidsim/method=linear/sem_type=gumbel/noise_scale=1.0/n=10000/standardized=True,7.27,NA,fci,0.001,fisher-z-test,continuous,NA
0.931818181818182,0.00165837479270315,0.0454545454545455,5,5,0,0.0227272727272727,43,1,0,1181,50,44,1181,dag,3,tetrad_fci,gcastle_dag/p=50/d=1/method=er,gcastle_sem/min=0.5/max=2.0,gcastle_iidsim/method=linear/sem_type=gumbel/noise_scale=1.0/n=10000/standardized=True,12.44,NA,fci,0.002,fisher-z-test,continuous,NA
0.931818181818182,0.00165837479270315,0.0454545454545455,5,5,0,0.0227272727272727,43,1,0,1181,50,44,1181,dag,3,tetrad_fci,gcastle_dag/p=50/d=1/method=er,gcastle_sem/min=0.5/max=2.0,gcastle_iidsim/method=linear/sem_type=gumbel/noise_scale=1.0/n=10000/standardized=True,24.03,NA,fci,0.005,fisher-z-test,continuous,NA
0.931818181818182,0.00165837479270315,0.0454545454545455,5,5,0,0.0227272727272727,43,1,0,1181,50,44,1181,dag,3,tetrad_fci,gcastle_dag/p=50/d=1/method=er,gcastle_sem/min=0.5/max=2.0,gcastle_iidsim/method=linear/sem_type=gumbel/noise_scale=1.0/n=10000/standardized=True,22.79,NA,fci,0.01,fisher-z-test,continuous,NA
0.931818181818182,0.00165837479270315,0.0454545454545455,5,5,0,0.0227272727272727,43,1,0,1181,50,44,1181,dag,3,tetrad_fci,gcastle_dag/p=50/d=1/method=er,gcastle_sem/min=0.5/max=2.0,gcastle_iidsim/method=linear/sem_type=gumbel/noise_scale=1.0/n=10000/standardized=True,14.04,NA,fci,0.02,fisher-z-test,continuous,NA
0.897727272727273,0.00787728026533997,0.215909090909091,14,14,0.136363636363636,0.0227272727272727,43,1,6,1175,50,44,1181,dag,3,tetrad_fci,gcastle_dag/p=50/d=1/method=er,gcastle_sem/min=0.5/max=2.0,gcastle_iidsim/method=linear/sem_type=gumbel/noise_scale=1.0/n=10000/standardized=True,15.09,NA,fci,0.05,fisher-z-test,continuous,NA
0.761363636363636,0.0186567164179104,0.511363636363636,33,NA,0.295454545454545,0.0227272727272727,43,1,13,1168,50,44,1181,unknown,3,tetrad_fci,gcastle_dag/p=50/d=1/method=er,gcastle_sem/min=0.5/max=2.0,gcastle_iidsim/method=linear/sem_type=gumbel/noise_scale=1.0/n=10000/standardized=True,15.13,NA,fci,0.1,fisher-z-test,continuous,NA
0.75,0.0323383084577114,0.886363636363636,50,NA,0.659090909090909,0.0227272727272727,43,1,29,1152,50,44,1181,unknown,3,tetrad_fci,gcastle_dag/p=50/d=1/method=er,gcastle_sem/min=0.5/max=2.0,gcastle_iidsim/method=linear/sem_type=gumbel/noise_scale=1.0/n=10000/standardized=True,17.17,NA,fci,0.2,fisher-z-test,continuous,NA
0.693181818181818,0.0592868988391376,1.625,85,NA,1.34090909090909,0.0227272727272727,43,1,59,1122,50,44,1181,unknown,3,tetrad_fci,gcastle_dag/p=50/d=1/method=er,gcastle_sem/min=0.5/max=2.0,gcastle_iidsim/method=linear/sem_type=gumbel/noise_scale=1.0/n=10000/standardized=True,15.13,NA,fci,0.3,fisher-z-test,continuous,NA
0.659090909090909,0.101990049751244,2.79545454545455,138,NA,2.45454545454545,0,44,0,108,1073,50,44,1181,unknown,3,tetrad_fci,gcastle_dag/p=50/d=1/method=er,gcastle_sem/min=0.5/max=2.0,gcastle_iidsim/method=linear/sem_type=gumbel/noise_scale=1.0/n=10000/standardized=True,40.85,NA,fci,0.5,fisher-z-test,continuous,NA
0.945454545454545,0.00251046025104603,0.0545454545454545,6,6,0,0,55,0,0,1170,50,55,1170,dag,4,tetrad_fci,gcastle_dag/p=50/d=1/method=er,gcastle_sem/min=0.5/max=2.0,gcastle_iidsim/method=linear/sem_type=gumbel/noise_scale=1.0/n=10000/standardized=True,14.36,NA,fci,0.001,fisher-z-test,continuous,NA
0.945454545454545,0.00251046025104603,0.0545454545454545,6,6,0,0,55,0,0,1170,50,55,1170,dag,4,tetrad_fci,gcastle_dag/p=50/d=1/method=er,gcastle_sem/min=0.5/max=2.0,gcastle_iidsim/method=linear/sem_type=gumbel/noise_scale=1.0/n=10000/standardized=True,32.39,NA,fci,0.002,fisher-z-test,continuous,NA
0.945454545454545,0.00251046025104603,0.0545454545454545,6,6,0,0,55,0,0,1170,50,55,1170,dag,4,tetrad_fci,gcastle_dag/p=50/d=1/method=er,gcastle_sem/min=0.5/max=2.0,gcastle_iidsim/method=linear/sem_type=gumbel/noise_scale=1.0/n=10000/standardized=True,17.47,NA,fci,0.005,fisher-z-test,continuous,NA
0.945454545454545,0.00334728033472803,0.0727272727272727,7,7,0.0181818181818182,0,55,0,1,1169,50,55,1170,dag,4,tetrad_fci,gcastle_dag/p=50/d=1/method=er,gcastle_sem/min=0.5/max=2.0,gcastle_iidsim/method=linear/sem_type=gumbel/noise_scale=1.0/n=10000/standardized=True,7.89,NA,fci,0.01,fisher-z-test,continuous,NA
0.936363636363636,0.00543933054393305,0.118181818181818,10,10,0.0545454545454545,0,55,0,3,1167,50,55,1170,dag,4,tetrad_fci,gcastle_dag/p=50/d=1/method=er,gcastle_sem/min=0.5/max=2.0,gcastle_iidsim/method=linear/sem_type=gumbel/noise_scale=1.0/n=10000/standardized=True,16.95,NA,fci,0.02,fisher-z-test,continuous,NA
0.918181818181818,0.00878661087866109,0.190909090909091,15,15,0.109090909090909,0,55,0,6,1164,50,55,1170,dag,4,tetrad_fci,gcastle_dag/p=50/d=1/method=er,gcastle_sem/min=0.5/max=2.0,gcastle_iidsim/method=linear/sem_type=gumbel/noise_scale=1.0/n=10000/standardized=True,6.96,NA,fci,0.05,fisher-z-test,continuous,NA
0.881818181818182,0.0146443514644351,0.318181818181818,24,23,0.2,0,55,0,11,1159,50,55,1170,dag,4,tetrad_fci,gcastle_dag/p=50/d=1/method=er,gcastle_sem/min=0.5/max=2.0,gcastle_iidsim/method=linear/sem_type=gumbel/noise_scale=1.0/n=10000/standardized=True,7.81,NA,fci,0.1,fisher-z-test,continuous,NA
0.8,0.0309623430962343,0.672727272727273,48,47,0.472727272727273,0,55,0,26,1144,50,55,1170,dag,4,tetrad_fci,gcastle_dag/p=50/d=1/method=er,gcastle_sem/min=0.5/max=2.0,gcastle_iidsim/method=linear/sem_type=gumbel/noise_scale=1.0/n=10000/standardized=True,36.85,NA,fci,0.2,fisher-z-test,continuous,NA
0.745454545454545,0.0493723849372385,1.07272727272727,73,74,0.818181818181818,0,55,0,45,1125,50,55,1170,dag,4,tetrad_fci,gcastle_dag/p=50/d=1/method=er,gcastle_sem/min=0.5/max=2.0,gcastle_iidsim/method=linear/sem_type=gumbel/noise_scale=1.0/n=10000/standardized=True,8.53,NA,fci,0.3,fisher-z-test,continuous,NA
0.709090909090909,0.0853556485355648,1.85454545454545,118,NA,1.56363636363636,0,55,0,86,1084,50,55,1170,unknown,4,tetrad_fci,gcastle_dag/p=50/d=1/method=er,gcastle_sem/min=0.5/max=2.0,gcastle_iidsim/method=linear/sem_type=gumbel/noise_scale=1.0/n=10000/standardized=True,9.13,NA,fci,0.5,fisher-z-test,continuous,NA
0.894230769230769,0.00375626043405676,0.0865384615384615,10,NA,0,0.0192307692307692,51,1,0,1173,50,52,1173,unknown,5,tetrad_fci,gcastle_dag/p=50/d=1/method=er,gcastle_sem/min=0.5/max=2.0,gcastle_iidsim/method=linear/sem_type=gumbel/noise_scale=1.0/n=10000/standardized=True,14.04,NA,fci,0.001,fisher-z-test,continuous,NA
0.884615384615385,0.00417362270450751,0.0961538461538462,11,11,0,0.0192307692307692,51,1,0,1173,50,52,1173,dag,5,tetrad_fci,gcastle_dag/p=50/d=1/method=er,gcastle_sem/min=0.5/max=2.0,gcastle_iidsim/method=linear/sem_type=gumbel/noise_scale=1.0/n=10000/standardized=True,13.89,NA,fci,0.002,fisher-z-test,continuous,NA
0.884615384615385,0.00417362270450751,0.0961538461538462,11,11,0,0.0192307692307692,51,1,0,1173,50,52,1173,dag,5,tetrad_fci,gcastle_dag/p=50/d=1/method=er,gcastle_sem/min=0.5/max=2.0,gcastle_iidsim/method=linear/sem_type=gumbel/noise_scale=1.0/n=10000/standardized=True,14.53,NA,fci,0.005,fisher-z-test,continuous,NA
0.875,0.00542570951585977,0.125,13,13,0.0192307692307692,0.0192307692307692,51,1,1,1172,50,52,1173,dag,5,tetrad_fci,gcastle_dag/p=50/d=1/method=er,gcastle_sem/min=0.5/max=2.0,gcastle_iidsim/method=linear/sem_type=gumbel/noise_scale=1.0/n=10000/standardized=True,14.22,NA,fci,0.01,fisher-z-test,continuous,NA
0.855769230769231,0.00876460767946578,0.201923076923077,18,17,0.0769230769230769,0.0192307692307692,51,1,4,1169,50,52,1173,dag,5,tetrad_fci,gcastle_dag/p=50/d=1/method=er,gcastle_sem/min=0.5/max=2.0,gcastle_iidsim/method=linear/sem_type=gumbel/noise_scale=1.0/n=10000/standardized=True,13.61,NA,fci,0.02,fisher-z-test,continuous,NA
0.855769230769231,0.0121035058430718,0.278846153846154,22,21,0.153846153846154,0.0192307692307692,51,1,8,1165,50,52,1173,dag,5,tetrad_fci,gcastle_dag/p=50/d=1/method=er,gcastle_sem/min=0.5/max=2.0,gcastle_iidsim/method=linear/sem_type=gumbel/noise_scale=1.0/n=10000/standardized=True,14.28,NA,fci,0.05,fisher-z-test,continuous,NA
0.807692307692308,0.0191986644407346,0.442307692307692,33,32,0.269230769230769,0.0192307692307692,51,1,14,1159,50,52,1173,dag,5,tetrad_fci,gcastle_dag/p=50/d=1/method=er,gcastle_sem/min=0.5/max=2.0,gcastle_iidsim/method=linear/sem_type=gumbel/noise_scale=1.0/n=10000/standardized=True,14.05,NA,fci,0.1,fisher-z-test,continuous,NA
0.836538461538462,0.0279632721202003,0.644230769230769,42,48,0.480769230769231,0,52,0,25,1148,50,52,1173,dag,5,tetrad_fci,gcastle_dag/p=50/d=1/method=er,gcastle_sem/min=0.5/max=2.0,gcastle_iidsim/method=linear/sem_type=gumbel/noise_scale=1.0/n=10000/standardized=True,17.67,NA,fci,0.2,fisher-z-test,continuous,NA
0.740384615384615,0.0438230383973289,1.00961538461538,66,68,0.75,0,52,0,39,1134,50,52,1173,dag,5,tetrad_fci,gcastle_dag/p=50/d=1/method=er,gcastle_sem/min=0.5/max=2.0,gcastle_iidsim/method=linear/sem_type=gumbel/noise_scale=1.0/n=10000/standardized=True,14.65,NA,fci,0.3,fisher-z-test,continuous,NA
0.682692307692308,0.073873121869783,1.70192307692308,105,NA,1.38461538461538,0,52,0,72,1101,50,52,1173,unknown,5,tetrad_fci,gcastle_dag/p=50/d=1/method=er,gcastle_sem/min=0.5/max=2.0,gcastle_iidsim/method=linear/sem_type=gumbel/noise_scale=1.0/n=10000/standardized=True,15.97,NA,fci,0.5,fisher-z-test,continuous,NA
0.84375,0.0075885328836425,0.140625,19,NA,0.0625,0.078125,59,5,4,1157,50,64,1161,unknown,6,tetrad_fci,gcastle_dag/p=50/d=1/method=er,gcastle_sem/min=0.5/max=2.0,gcastle_iidsim/method=linear/sem_type=gumbel/noise_scale=1.0/n=10000/standardized=True,40.47,NA,fci,0.001,fisher-z-test,continuous,NA
0.859375,0.00674536256323777,0.125,17,NA,0.078125,0.09375,58,6,5,1156,50,64,1161,unknown,6,tetrad_fci,gcastle_dag/p=50/d=1/method=er,gcastle_sem/min=0.5/max=2.0,gcastle_iidsim/method=linear/sem_type=gumbel/noise_scale=1.0/n=10000/standardized=True,22.33,NA,fci,0.002,fisher-z-test,continuous,NA
0.859375,0.00674536256323777,0.125,17,NA,0.078125,0.09375,58,6,5,1156,50,64,1161,unknown,6,tetrad_fci,gcastle_dag/p=50/d=1/method=er,gcastle_sem/min=0.5/max=2.0,gcastle_iidsim/method=linear/sem_type=gumbel/noise_scale=1.0/n=10000/standardized=True,12.77,NA,fci,0.005,fisher-z-test,continuous,NA
0.84375,0.0075885328836425,0.140625,19,NA,0.078125,0.09375,58,6,5,1156,50,64,1161,unknown,6,tetrad_fci,gcastle_dag/p=50/d=1/method=er,gcastle_sem/min=0.5/max=2.0,gcastle_iidsim/method=linear/sem_type=gumbel/noise_scale=1.0/n=10000/standardized=True,14.3,NA,fci,0.01,fisher-z-test,continuous,NA
0.859375,0.00843170320404722,0.15625,19,NA,0.09375,0.078125,59,5,6,1155,50,64,1161,unknown,6,tetrad_fci,gcastle_dag/p=50/d=1/method=er,gcastle_sem/min=0.5/max=2.0,gcastle_iidsim/method=linear/sem_type=gumbel/noise_scale=1.0/n=10000/standardized=True,15.74,NA,fci,0.02,fisher-z-test,continuous,NA
0.84375,0.0109612141652614,0.203125,23,27,0.109375,0.0625,60,4,7,1154,50,64,1161,dag,6,tetrad_fci,gcastle_dag/p=50/d=1/method=er,gcastle_sem/min=0.5/max=2.0,gcastle_iidsim/method=linear/sem_type=gumbel/noise_scale=1.0/n=10000/standardized=True,14.49,NA,fci,0.05,fisher-z-test,continuous,NA
0.875,0.0075885328836425,0.140625,17,19,0.0625,0.046875,61,3,4,1157,50,64,1161,dag,6,tetrad_fci,gcastle_dag/p=50/d=1/method=er,gcastle_sem/min=0.5/max=2.0,gcastle_iidsim/method=linear/sem_type=gumbel/noise_scale=1.0/n=10000/standardized=True,12.29,NA,fci,0.1,fisher-z-test,continuous,NA
0.75,0.0236087689713322,0.4375,44,44,0.234375,0.046875,61,3,15,1146,50,64,1161,dag,6,tetrad_fci,gcastle_dag/p=50/d=1/method=er,gcastle_sem/min=0.5/max=2.0,gcastle_iidsim/method=linear/sem_type=gumbel/noise_scale=1.0/n=10000/standardized=True,15.75,NA,fci,0.2,fisher-z-test,continuous,NA
0.65625,0.0387858347386172,0.71875,68,66,0.46875,0.09375,58,6,30,1131,50,64,1161,dag,6,tetrad_fci,gcastle_dag/p=50/d=1/method=er,gcastle_sem/min=0.5/max=2.0,gcastle_iidsim/method=linear/sem_type=gumbel/noise_scale=1.0/n=10000/standardized=True,13.53,NA,fci,0.3,fisher-z-test,continuous,NA
0.71875,0.0539629005059022,1,82,83,0.78125,0.0625,60,4,50,1111,50,64,1161,dag,6,tetrad_fci,gcastle_dag/p=50/d=1/method=er,gcastle_sem/min=0.5/max=2.0,gcastle_iidsim/method=linear/sem_type=gumbel/noise_scale=1.0/n=10000/standardized=True,7.9,NA,fci,0.5,fisher-z-test,continuous,NA
0.852459016393443,0.00504625735912532,0.0983606557377049,15,21,0,0.0491803278688525,58,3,0,1164,50,61,1164,dag,7,tetrad_fci,gcastle_dag/p=50/d=1/method=er,gcastle_sem/min=0.5/max=2.0,gcastle_iidsim/method=linear/sem_type=gumbel/noise_scale=1.0/n=10000/standardized=True,14.65,NA,fci,0.001,fisher-z-test,continuous,NA
0.836065573770492,0.00588730025231287,0.114754098360656,17,21,0,0.0491803278688525,58,3,0,1164,50,61,1164,dag,7,tetrad_fci,gcastle_dag/p=50/d=1/method=er,gcastle_sem/min=0.5/max=2.0,gcastle_iidsim/method=linear/sem_type=gumbel/noise_scale=1.0/n=10000/standardized=True,7.51,NA,fci,0.002,fisher-z-test,continuous,NA
0.836065573770492,0.00588730025231287,0.114754098360656,17,19,0,0.0491803278688525,58,3,0,1164,50,61,1164,dag,7,tetrad_fci,gcastle_dag/p=50/d=1/method=er,gcastle_sem/min=0.5/max=2.0,gcastle_iidsim/method=linear/sem_type=gumbel/noise_scale=1.0/n=10000/standardized=True,43.63,NA,fci,0.005,fisher-z-test,continuous,NA
0.811475409836066,0.00798990748528175,0.155737704918033,21,23,0.0163934426229508,0.0491803278688525,58,3,1,1163,50,61,1164,dag,7,tetrad_fci,gcastle_dag/p=50/d=1/method=er,gcastle_sem/min=0.5/max=2.0,gcastle_iidsim/method=linear/sem_type=gumbel/noise_scale=1.0/n=10000/standardized=True,40.79,NA,fci,0.01,fisher-z-test,continuous,NA
0.836065573770492,0.00756938603868797,0.147540983606557,19,21,0.0163934426229508,0.0327868852459016,59,2,1,1163,50,61,1164,dag,7,tetrad_fci,gcastle_dag/p=50/d=1/method=er,gcastle_sem/min=0.5/max=2.0,gcastle_iidsim/method=linear/sem_type=gumbel/noise_scale=1.0/n=10000/standardized=True,41.43,NA,fci,0.02,fisher-z-test,continuous,NA
0.836065573770492,0.00841042893187553,0.163934426229508,20,22,0.0327868852459016,0.0327868852459016,59,2,2,1162,50,61,1164,dag,7,tetrad_fci,gcastle_dag/p=50/d=1/method=er,gcastle_sem/min=0.5/max=2.0,gcastle_iidsim/method=linear/sem_type=gumbel/noise_scale=1.0/n=10000/standardized=True,42.14,NA,fci,0.05,fisher-z-test,continuous,NA
0.819672131147541,0.0100925147182506,0.19672131147541,23,25,0.0491803278688525,0.0327868852459016,59,2,3,1161,50,61,1164,dag,7,tetrad_fci,gcastle_dag/p=50/d=1/method=er,gcastle_sem/min=0.5/max=2.0,gcastle_iidsim/method=linear/sem_type=gumbel/noise_scale=1.0/n=10000/standardized=True,28.72,NA,fci,0.1,fisher-z-test,continuous,NA
0.737704918032787,0.024390243902439,0.475409836065574,45,NA,0.245901639344262,0.0327868852459016,59,2,15,1149,50,61,1164,unknown,7,tetrad_fci,gcastle_dag/p=50/d=1/method=er,gcastle_sem/min=0.5/max=2.0,gcastle_iidsim/method=linear/sem_type=gumbel/noise_scale=1.0/n=10000/standardized=True,31.46,NA,fci,0.2,fisher-z-test,continuous,NA
0.721311475409836,0.0386879730866274,0.754098360655738,63,NA,0.508196721311475,0.0327868852459016,59,2,31,1133,50,61,1164,unknown,7,tetrad_fci,gcastle_dag/p=50/d=1/method=er,gcastle_sem/min=0.5/max=2.0,gcastle_iidsim/method=linear/sem_type=gumbel/noise_scale=1.0/n=10000/standardized=True,32.8,NA,fci,0.3,fisher-z-test,continuous,NA
0.680327868852459,0.0609756097560976,1.18852459016393,92,NA,0.885245901639344,0.0163934426229508,60,1,54,1110,50,61,1164,unknown,7,tetrad_fci,gcastle_dag/p=50/d=1/method=er,gcastle_sem/min=0.5/max=2.0,gcastle_iidsim/method=linear/sem_type=gumbel/noise_scale=1.0/n=10000/standardized=True,13.77,NA,fci,0.5,fisher-z-test,continuous,NA
0.886363636363636,0.00165837479270315,0.0454545454545455,7,8,0,0.0681818181818182,41,3,0,1181,50,44,1181,dag,8,tetrad_fci,gcastle_dag/p=50/d=1/method=er,gcastle_sem/min=0.5/max=2.0,gcastle_iidsim/method=linear/sem_type=gumbel/noise_scale=1.0/n=10000/standardized=True,16.14,NA,fci,0.001,fisher-z-test,continuous,NA
0.886363636363636,0.00165837479270315,0.0454545454545455,7,8,0,0.0681818181818182,41,3,0,1181,50,44,1181,dag,8,tetrad_fci,gcastle_dag/p=50/d=1/method=er,gcastle_sem/min=0.5/max=2.0,gcastle_iidsim/method=linear/sem_type=gumbel/noise_scale=1.0/n=10000/standardized=True,24.55,NA,fci,0.002,fisher-z-test,continuous,NA
0.863636363636364,0.0033167495854063,0.0909090909090909,10,11,0.0227272727272727,0.0681818181818182,41,3,1,1180,50,44,1181,dag,8,tetrad_fci,gcastle_dag/p=50/d=1/method=er,gcastle_sem/min=0.5/max=2.0,gcastle_iidsim/method=linear/sem_type=gumbel/noise_scale=1.0/n=10000/standardized=True,18.44,NA,fci,0.005,fisher-z-test,continuous,NA
0.852272727272727,0.00538971807628524,0.147727272727273,13,14,0.0681818181818182,0.0681818181818182,41,3,3,1178,50,44,1181,dag,8,tetrad_fci,gcastle_dag/p=50/d=1/method=er,gcastle_sem/min=0.5/max=2.0,gcastle_iidsim/method=linear/sem_type=gumbel/noise_scale=1.0/n=10000/standardized=True,14.01,NA,fci,0.01,fisher-z-test,continuous,NA
0.852272727272727,0.00621890547263682,0.170454545454545,14,15,0.0909090909090909,0.0681818181818182,41,3,4,1177,50,44,1181,dag,8,tetrad_fci,gcastle_dag/p=50/d=1/method=er,gcastle_sem/min=0.5/max=2.0,gcastle_iidsim/method=linear/sem_type=gumbel/noise_scale=1.0/n=10000/standardized=True,14.23,NA,fci,0.02,fisher-z-test,continuous,NA
0.840909090909091,0.0124378109452736,0.340909090909091,22,22,0.25,0.0681818181818182,41,3,11,1170,50,44,1181,dag,8,tetrad_fci,gcastle_dag/p=50/d=1/method=er,gcastle_sem/min=0.5/max=2.0,gcastle_iidsim/method=linear/sem_type=gumbel/noise_scale=1.0/n=10000/standardized=True,15.96,NA,fci,0.05,fisher-z-test,continuous,NA
0.715909090909091,0.0286069651741294,0.784090909090909,47,47,0.568181818181818,0.0681818181818182,41,3,25,1156,50,44,1181,dag,8,tetrad_fci,gcastle_dag/p=50/d=1/method=er,gcastle_sem/min=0.5/max=2.0,gcastle_iidsim/method=linear/sem_type=gumbel/noise_scale=1.0/n=10000/standardized=True,13.75,NA,fci,0.1,fisher-z-test,continuous,NA
0.636363636363636,0.0522388059701493,1.43181818181818,79,76,1.13636363636364,0.0681818181818182,41,3,50,1131,50,44,1181,dag,8,tetrad_fci,gcastle_dag/p=50/d=1/method=er,gcastle_sem/min=0.5/max=2.0,gcastle_iidsim/method=linear/sem_type=gumbel/noise_scale=1.0/n=10000/standardized=True,13.97,NA,fci,0.2,fisher-z-test,continuous,NA
0.659090909090909,0.0804311774461028,2.20454545454545,112,109,1.93181818181818,0.0681818181818182,41,3,85,1096,50,44,1181,dag,8,tetrad_fci,gcastle_dag/p=50/d=1/method=er,gcastle_sem/min=0.5/max=2.0,gcastle_iidsim/method=linear/sem_type=gumbel/noise_scale=1.0/n=10000/standardized=True,13.51,NA,fci,0.3,fisher-z-test,continuous,NA
0.613636363636364,0.128524046434494,3.52272727272727,172,NA,3.18181818181818,0.0454545454545455,42,2,140,1041,50,44,1181,unknown,8,tetrad_fci,gcastle_dag/p=50/d=1/method=er,gcastle_sem/min=0.5/max=2.0,gcastle_iidsim/method=linear/sem_type=gumbel/noise_scale=1.0/n=10000/standardized=True,51.49,NA,fci,0.5,fisher-z-test,continuous,NA
0.905172413793103,0.0037751677852349,0.0775862068965517,10,9,0.0344827586206897,0.0517241379310345,55,3,2,1165,50,58,1167,dag,9,tetrad_fci,gcastle_dag/p=50/d=1/method=er,gcastle_sem/min=0.5/max=2.0,gcastle_iidsim/method=linear/sem_type=gumbel/noise_scale=1.0/n=10000/standardized=True,7.54,NA,fci,0.001,fisher-z-test,continuous,NA
0.905172413793103,0.0037751677852349,0.0775862068965517,10,9,0.0344827586206897,0.0517241379310345,55,3,2,1165,50,58,1167,dag,9,tetrad_fci,gcastle_dag/p=50/d=1/method=er,gcastle_sem/min=0.5/max=2.0,gcastle_iidsim/method=linear/sem_type=gumbel/noise_scale=1.0/n=10000/standardized=True,8.48,NA,fci,0.002,fisher-z-test,continuous,NA
0.922413793103448,0.00293624161073826,0.0603448275862069,8,6,0.0344827586206897,0.0517241379310345,55,3,2,1165,50,58,1167,dag,9,tetrad_fci,gcastle_dag/p=50/d=1/method=er,gcastle_sem/min=0.5/max=2.0,gcastle_iidsim/method=linear/sem_type=gumbel/noise_scale=1.0/n=10000/standardized=True,10.58,NA,fci,0.005,fisher-z-test,continuous,NA
0.956896551724138,0.00209731543624161,0.0431034482758621,5,4,0.0344827586206897,0.0344827586206897,56,2,2,1165,50,58,1167,dag,9,tetrad_fci,gcastle_dag/p=50/d=1/method=er,gcastle_sem/min=0.5/max=2.0,gcastle_iidsim/method=linear/sem_type=gumbel/noise_scale=1.0/n=10000/standardized=True,10.11,NA,fci,0.01,fisher-z-test,continuous,NA
0.956896551724138,0.00209731543624161,0.0431034482758621,5,4,0.0344827586206897,0.0344827586206897,56,2,2,1165,50,58,1167,dag,9,tetrad_fci,gcastle_dag/p=50/d=1/method=er,gcastle_sem/min=0.5/max=2.0,gcastle_iidsim/method=linear/sem_type=gumbel/noise_scale=1.0/n=10000/standardized=True,26.4,NA,fci,0.02,fisher-z-test,continuous,NA
0.896551724137931,0.0075503355704698,0.155172413793103,15,15,0.0862068965517241,0.0344827586206897,56,2,5,1162,50,58,1167,dag,9,tetrad_fci,gcastle_dag/p=50/d=1/method=er,gcastle_sem/min=0.5/max=2.0,gcastle_iidsim/method=linear/sem_type=gumbel/noise_scale=1.0/n=10000/standardized=True,7.56,NA,fci,0.05,fisher-z-test,continuous,NA
0.862068965517241,0.011744966442953,0.241379310344828,22,28,0.137931034482759,0.0344827586206897,56,2,8,1159,50,58,1167,dag,9,tetrad_fci,gcastle_dag/p=50/d=1/method=er,gcastle_sem/min=0.5/max=2.0,gcastle_iidsim/method=linear/sem_type=gumbel/noise_scale=1.0/n=10000/standardized=True,7.47,NA,fci,0.1,fisher-z-test,continuous,NA
0.827586206896552,0.023489932885906,0.482758620689655,38,NA,0.344827586206897,0.0344827586206897,56,2,20,1147,50,58,1167,unknown,9,tetrad_fci,gcastle_dag/p=50/d=1/method=er,gcastle_sem/min=0.5/max=2.0,gcastle_iidsim/method=linear/sem_type=gumbel/noise_scale=1.0/n=10000/standardized=True,7.83,NA,fci,0.2,fisher-z-test,continuous,NA
0.732758620689655,0.036493288590604,0.75,59,NA,0.53448275862069,0.0517241379310345,55,3,31,1136,50,58,1167,unknown,9,tetrad_fci,gcastle_dag/p=50/d=1/method=er,gcastle_sem/min=0.5/max=2.0,gcastle_iidsim/method=linear/sem_type=gumbel/noise_scale=1.0/n=10000/standardized=True,13.2,NA,fci,0.3,fisher-z-test,continuous,NA
0.741379310344828,0.0578859060402685,1.18965517241379,84,NA,0.982758620689655,0.0517241379310345,55,3,57,1110,50,58,1167,unknown,9,tetrad_fci,gcastle_dag/p=50/d=1/method=er,gcastle_sem/min=0.5/max=2.0,gcastle_iidsim/method=linear/sem_type=gumbel/noise_scale=1.0/n=10000/standardized=True,8.94,NA,fci,0.5,fisher-z-test,continuous,NA
0.739130434782609,0.00913621262458472,0.239130434782609,23,21,0.108695652173913,0.130434782608696,40,6,5,1174,50,46,1179,dag,10,tetrad_fci,gcastle_dag/p=50/d=1/method=er,gcastle_sem/min=0.5/max=2.0,gcastle_iidsim/method=linear/sem_type=gumbel/noise_scale=1.0/n=10000/standardized=True,12.79,NA,fci,0.001,fisher-z-test,continuous,NA
0.739130434782609,0.00913621262458472,0.239130434782609,23,21,0.108695652173913,0.130434782608696,40,6,5,1174,50,46,1179,dag,10,tetrad_fci,gcastle_dag/p=50/d=1/method=er,gcastle_sem/min=0.5/max=2.0,gcastle_iidsim/method=linear/sem_type=gumbel/noise_scale=1.0/n=10000/standardized=True,12.04,NA,fci,0.002,fisher-z-test,continuous,NA
0.739130434782609,0.00913621262458472,0.239130434782609,23,21,0.108695652173913,0.130434782608696,40,6,5,1174,50,46,1179,dag,10,tetrad_fci,gcastle_dag/p=50/d=1/method=er,gcastle_sem/min=0.5/max=2.0,gcastle_iidsim/method=linear/sem_type=gumbel/noise_scale=1.0/n=10000/standardized=True,12.2,NA,fci,0.005,fisher-z-test,continuous,NA
0.782608695652174,0.00498338870431894,0.130434782608696,16,17,0.0217391304347826,0.108695652173913,41,5,1,1178,50,46,1179,dag,10,tetrad_fci,gcastle_dag/p=50/d=1/method=er,gcastle_sem/min=0.5/max=2.0,gcastle_iidsim/method=linear/sem_type=gumbel/noise_scale=1.0/n=10000/standardized=True,14.58,NA,fci,0.01,fisher-z-test,continuous,NA
0.771739130434783,0.00622923588039867,0.16304347826087,18,19,0.0434782608695652,0.108695652173913,41,5,2,1177,50,46,1179,dag,10,tetrad_fci,gcastle_dag/p=50/d=1/method=er,gcastle_sem/min=0.5/max=2.0,gcastle_iidsim/method=linear/sem_type=gumbel/noise_scale=1.0/n=10000/standardized=True,17.26,NA,fci,0.02,fisher-z-test,continuous,NA
0.739130434782609,0.00913621262458472,0.239130434782609,23,23,0.0869565217391304,0.108695652173913,41,5,4,1175,50,46,1179,dag,10,tetrad_fci,gcastle_dag/p=50/d=1/method=er,gcastle_sem/min=0.5/max=2.0,gcastle_iidsim/method=linear/sem_type=gumbel/noise_scale=1.0/n=10000/standardized=True,14.52,NA,fci,0.05,fisher-z-test,continuous,NA
0.66304347826087,0.0220099667774086,0.576086956521739,42,43,0.347826086956522,0.108695652173913,41,5,16,1163,50,46,1179,dag,10,tetrad_fci,gcastle_dag/p=50/d=1/method=er,gcastle_sem/min=0.5/max=2.0,gcastle_iidsim/method=linear/sem_type=gumbel/noise_scale=1.0/n=10000/standardized=True,11.86,NA,fci,0.1,fisher-z-test,continuous,NA
0.66304347826087,0.034468438538206,0.902173913043478,57,57,0.673913043478261,0.108695652173913,41,5,31,1148,50,46,1179,dag,10,tetrad_fci,gcastle_dag/p=50/d=1/method=er,gcastle_sem/min=0.5/max=2.0,gcastle_iidsim/method=linear/sem_type=gumbel/noise_scale=1.0/n=10000/standardized=True,11.49,NA,fci,0.2,fisher-z-test,continuous,NA
0.619565217391304,0.0593853820598007,1.55434782608696,89,NA,1.28260869565217,0.108695652173913,41,5,59,1120,50,46,1179,unknown,10,tetrad_fci,gcastle_dag/p=50/d=1/method=er,gcastle_sem/min=0.5/max=2.0,gcastle_iidsim/method=linear/sem_type=gumbel/noise_scale=1.0/n=10000/standardized=True,17.93,NA,fci,0.3,fisher-z-test,continuous,NA
0.608695652173913,0.117940199335548,3.08695652173913,160,NA,2.76086956521739,0.0652173913043478,43,3,127,1052,50,46,1179,unknown,10,tetrad_fci,gcastle_dag/p=50/d=1/method=er,gcastle_sem/min=0.5/max=2.0,gcastle_iidsim/method=linear/sem_type=gumbel/noise_scale=1.0/n=10000/standardized=True,30.61,NA,fci,0.5,fisher-z-test,continuous,NA
0.740740740740741,0.0250836120401338,0.555555555555556,44,44,0.37037037037037,0.0740740740740741,50,4,20,1151,50,54,1171,dag,1,tetrad_fci,gcastle_dag/p=50/d=1/method=er,sem_params/min=0.25/max=1,gcastle_iidsim/method=nonlinear/sem_type=gp/noise_scale=1.0/n=10000/standardized=True,8.1,NA,fci,0.001,fisher-z-test,continuous,NA
0.768518518518518,0.0263377926421405,0.583333333333333,44,48,0.407407407407407,0.0555555555555556,51,3,22,1149,50,54,1171,dag,1,tetrad_fci,gcastle_dag/p=50/d=1/method=er,sem_params/min=0.25/max=1,gcastle_iidsim/method=nonlinear/sem_type=gp/noise_scale=1.0/n=10000/standardized=True,8.74,NA,fci,0.002,fisher-z-test,continuous,NA
0.768518518518518,0.0263377926421405,0.583333333333333,44,48,0.407407407407407,0.0555555555555556,51,3,22,1149,50,54,1171,dag,1,tetrad_fci,gcastle_dag/p=50/d=1/method=er,sem_params/min=0.25/max=1,gcastle_iidsim/method=nonlinear/sem_type=gp/noise_scale=1.0/n=10000/standardized=True,8.44,NA,fci,0.005,fisher-z-test,continuous,NA
0.768518518518518,0.0296822742474916,0.657407407407407,48,53,0.481481481481481,0.0555555555555556,51,3,26,1145,50,54,1171,dag,1,tetrad_fci,gcastle_dag/p=50/d=1/method=er,sem_params/min=0.25/max=1,gcastle_iidsim/method=nonlinear/sem_type=gp/noise_scale=1.0/n=10000/standardized=True,8.83,NA,fci,0.01,fisher-z-test,continuous,NA
0.796296296296296,0.0317725752508361,0.703703703703704,49,52,0.537037037037037,0.037037037037037,52,2,29,1142,50,54,1171,dag,1,tetrad_fci,gcastle_dag/p=50/d=1/method=er,sem_params/min=0.25/max=1,gcastle_iidsim/method=nonlinear/sem_type=gp/noise_scale=1.0/n=10000/standardized=True,7.64,NA,fci,0.02,fisher-z-test,continuous,NA
0.759259259259259,0.0434782608695652,0.962962962962963,65,67,0.740740740740741,0.0185185185185185,53,1,40,1131,50,54,1171,dag,1,tetrad_fci,gcastle_dag/p=50/d=1/method=er,sem_params/min=0.25/max=1,gcastle_iidsim/method=nonlinear/sem_type=gp/noise_scale=1.0/n=10000/standardized=True,8.2,NA,fci,0.05,fisher-z-test,continuous,NA
0.685185185185185,0.0735785953177258,1.62962962962963,105,NA,1.33333333333333,0.0185185185185185,53,1,72,1099,50,54,1171,unknown,1,tetrad_fci,gcastle_dag/p=50/d=1/method=er,sem_params/min=0.25/max=1,gcastle_iidsim/method=nonlinear/sem_type=gp/noise_scale=1.0/n=10000/standardized=True,9.22,NA,fci,0.1,fisher-z-test,continuous,NA
0.675925925925926,0.123327759197324,2.73148148148148,165,167,2.42592592592593,0.0185185185185185,53,1,131,1040,50,54,1171,dag,1,tetrad_fci,gcastle_dag/p=50/d=1/method=er,sem_params/min=0.25/max=1,gcastle_iidsim/method=nonlinear/sem_type=gp/noise_scale=1.0/n=10000/standardized=True,13.07,NA,fci,0.2,fisher-z-test,continuous,NA
0.675925925925926,0.167642140468227,3.71296296296296,218,219,3.40740740740741,0.0185185185185185,53,1,184,987,50,54,1171,dag,1,tetrad_fci,gcastle_dag/p=50/d=1/method=er,sem_params/min=0.25/max=1,gcastle_iidsim/method=nonlinear/sem_type=gp/noise_scale=1.0/n=10000/standardized=True,28.64,NA,fci,0.3,fisher-z-test,continuous,NA
0.675925925925926,0.264632107023411,5.86111111111111,334,335,5.55555555555556,0.0185185185185185,53,1,300,871,50,54,1171,dag,1,tetrad_fci,gcastle_dag/p=50/d=1/method=er,sem_params/min=0.25/max=1,gcastle_iidsim/method=nonlinear/sem_type=gp/noise_scale=1.0/n=10000/standardized=True,253.11,NA,fci,0.5,fisher-z-test,continuous,NA
0.794117647058823,0.0137614678899083,0.323529411764706,27,NA,0.137254901960784,0.0196078431372549,50,1,7,1167,50,51,1174,unknown,2,tetrad_fci,gcastle_dag/p=50/d=1/method=er,sem_params/min=0.25/max=1,gcastle_iidsim/method=nonlinear/sem_type=gp/noise_scale=1.0/n=10000/standardized=True,10.46,NA,fci,0.001,fisher-z-test,continuous,NA
0.794117647058823,0.0137614678899083,0.323529411764706,27,NA,0.137254901960784,0.0196078431372549,50,1,7,1167,50,51,1174,unknown,2,tetrad_fci,gcastle_dag/p=50/d=1/method=er,sem_params/min=0.25/max=1,gcastle_iidsim/method=nonlinear/sem_type=gp/noise_scale=1.0/n=10000/standardized=True,30.89,NA,fci,0.002,fisher-z-test,continuous,NA
0.754901960784314,0.0162635529608007,0.382352941176471,32,34,0.156862745098039,0.0196078431372549,50,1,8,1166,50,51,1174,dag,2,tetrad_fci,gcastle_dag/p=50/d=1/method=er,sem_params/min=0.25/max=1,gcastle_iidsim/method=nonlinear/sem_type=gp/noise_scale=1.0/n=10000/standardized=True,8.24,NA,fci,0.005,fisher-z-test,continuous,NA
0.745098039215686,0.0191826522101751,0.450980392156863,36,38,0.215686274509804,0.0196078431372549,50,1,11,1163,50,51,1174,dag,2,tetrad_fci,gcastle_dag/p=50/d=1/method=er,sem_params/min=0.25/max=1,gcastle_iidsim/method=nonlinear/sem_type=gp/noise_scale=1.0/n=10000/standardized=True,8.54,NA,fci,0.01,fisher-z-test,continuous,NA
0.735294117647059,0.024603836530442,0.57843137254902,43,45,0.333333333333333,0.0196078431372549,50,1,17,1157,50,51,1174,dag,2,tetrad_fci,gcastle_dag/p=50/d=1/method=er,sem_params/min=0.25/max=1,gcastle_iidsim/method=nonlinear/sem_type=gp/noise_scale=1.0/n=10000/standardized=True,8.61,NA,fci,0.02,fisher-z-test,continuous,NA
0.666666666666667,0.0417014178482068,0.980392156862745,67,68,0.666666666666667,0.0196078431372549,50,1,34,1140,50,51,1174,dag,2,tetrad_fci,gcastle_dag/p=50/d=1/method=er,sem_params/min=0.25/max=1,gcastle_iidsim/method=nonlinear/sem_type=gp/noise_scale=1.0/n=10000/standardized=True,6.97,NA,fci,0.05,fisher-z-test,continuous,NA
0.607843137254902,0.0675562969140951,1.58823529411765,101,102,1.2156862745098,0.0196078431372549,50,1,62,1112,50,51,1174,dag,2,tetrad_fci,gcastle_dag/p=50/d=1/method=er,sem_params/min=0.25/max=1,gcastle_iidsim/method=nonlinear/sem_type=gp/noise_scale=1.0/n=10000/standardized=True,7.44,NA,fci,0.1,fisher-z-test,continuous,NA
0.607843137254902,0.118432026688907,2.7843137254902,162,163,2.41176470588235,0.0196078431372549,50,1,123,1051,50,51,1174,dag,2,tetrad_fci,gcastle_dag/p=50/d=1/method=er,sem_params/min=0.25/max=1,gcastle_iidsim/method=nonlinear/sem_type=gp/noise_scale=1.0/n=10000/standardized=True,8.23,NA,fci,0.2,fisher-z-test,continuous,NA
0.617647058823529,0.163886572143453,3.85294117647059,216,216,3.49019607843137,0.0196078431372549,50,1,178,996,50,51,1174,dag,2,tetrad_fci,gcastle_dag/p=50/d=1/method=er,sem_params/min=0.25/max=1,gcastle_iidsim/method=nonlinear/sem_type=gp/noise_scale=1.0/n=10000/standardized=True,75.8,NA,fci,0.3,fisher-z-test,continuous,NA
0.637254901960784,0.278982485404504,6.55882352941176,353,353,6.19607843137255,0,51,0,316,858,50,51,1174,dag,2,tetrad_fci,gcastle_dag/p=50/d=1/method=er,sem_params/min=0.25/max=1,gcastle_iidsim/method=nonlinear/sem_type=gp/noise_scale=1.0/n=10000/standardized=True,3195.45,NA,fci,0.5,fisher-z-test,continuous,NA
0.659090909090909,0.0132669983416252,0.363636363636364,31,32,0.204545454545455,0.181818181818182,36,8,9,1172,50,44,1181,dag,3,tetrad_fci,gcastle_dag/p=50/d=1/method=er,sem_params/min=0.25/max=1,gcastle_iidsim/method=nonlinear/sem_type=gp/noise_scale=1.0/n=10000/standardized=True,8.83,NA,fci,0.001,fisher-z-test,continuous,NA
0.659090909090909,0.0157545605306799,0.431818181818182,34,35,0.272727272727273,0.181818181818182,36,8,12,1169,50,44,1181,dag,3,tetrad_fci,gcastle_dag/p=50/d=1/method=er,sem_params/min=0.25/max=1,gcastle_iidsim/method=nonlinear/sem_type=gp/noise_scale=1.0/n=10000/standardized=True,8.83,NA,fci,0.002,fisher-z-test,continuous,NA
0.659090909090909,0.0199004975124378,0.545454545454545,39,40,0.363636363636364,0.159090909090909,37,7,16,1165,50,44,1181,dag,3,tetrad_fci,gcastle_dag/p=50/d=1/method=er,sem_params/min=0.25/max=1,gcastle_iidsim/method=nonlinear/sem_type=gp/noise_scale=1.0/n=10000/standardized=True,8.63,NA,fci,0.005,fisher-z-test,continuous,NA
0.625,0.0252902155887231,0.693181818181818,47,47,0.454545454545455,0.136363636363636,38,6,20,1161,50,44,1181,dag,3,tetrad_fci,gcastle_dag/p=50/d=1/method=er,sem_params/min=0.25/max=1,gcastle_iidsim/method=nonlinear/sem_type=gp/noise_scale=1.0/n=10000/standardized=True,8.72,NA,fci,0.01,fisher-z-test,continuous,NA
0.613636363636364,0.0315091210613599,0.863636363636364,55,56,0.613636363636364,0.136363636363636,38,6,27,1154,50,44,1181,dag,3,tetrad_fci,gcastle_dag/p=50/d=1/method=er,sem_params/min=0.25/max=1,gcastle_iidsim/method=nonlinear/sem_type=gp/noise_scale=1.0/n=10000/standardized=True,8.15,NA,fci,0.02,fisher-z-test,continuous,NA
0.613636363636364,0.0431177446102819,1.18181818181818,69,70,0.909090909090909,0.113636363636364,39,5,40,1141,50,44,1181,dag,3,tetrad_fci,gcastle_dag/p=50/d=1/method=er,sem_params/min=0.25/max=1,gcastle_iidsim/method=nonlinear/sem_type=gp/noise_scale=1.0/n=10000/standardized=True,9.13,NA,fci,0.05,fisher-z-test,continuous,NA
0.602272727272727,0.0634328358208955,1.73863636363636,94,NA,1.45454545454545,0.113636363636364,39,5,64,1117,50,44,1181,unknown,3,tetrad_fci,gcastle_dag/p=50/d=1/method=er,sem_params/min=0.25/max=1,gcastle_iidsim/method=nonlinear/sem_type=gp/noise_scale=1.0/n=10000/standardized=True,9.86,NA,fci,0.1,fisher-z-test,continuous,NA
0.579545454545455,0.130597014925373,3.57954545454545,176,175,3.22727272727273,0.0681818181818182,41,3,142,1039,50,44,1181,dag,3,tetrad_fci,gcastle_dag/p=50/d=1/method=er,sem_params/min=0.25/max=1,gcastle_iidsim/method=nonlinear/sem_type=gp/noise_scale=1.0/n=10000/standardized=True,11.28,NA,fci,0.2,fisher-z-test,continuous,NA
0.613636363636364,0.188225538971808,5.15909090909091,244,244,4.81818181818182,0.0454545454545455,42,2,212,969,50,44,1181,dag,3,tetrad_fci,gcastle_dag/p=50/d=1/method=er,sem_params/min=0.25/max=1,gcastle_iidsim/method=nonlinear/sem_type=gp/noise_scale=1.0/n=10000/standardized=True,31.7,NA,fci,0.3,fisher-z-test,continuous,NA
0.636363636363636,0.31592039800995,8.65909090909091,397,397,8.31818181818182,0.0227272727272727,43,1,366,815,50,44,1181,dag,3,tetrad_fci,gcastle_dag/p=50/d=1/method=er,sem_params/min=0.25/max=1,gcastle_iidsim/method=nonlinear/sem_type=gp/noise_scale=1.0/n=10000/standardized=True,10957.42,NA,fci,0.5,fisher-z-test,continuous,NA
0.718181818181818,0.0196652719665272,0.427272727272727,39,39,0.254545454545455,0.109090909090909,49,6,14,1156,50,55,1170,dag,4,tetrad_fci,gcastle_dag/p=50/d=1/method=er,sem_params/min=0.25/max=1,gcastle_iidsim/method=nonlinear/sem_type=gp/noise_scale=1.0/n=10000/standardized=True,12.64,NA,fci,0.001,fisher-z-test,continuous,NA
0.709090909090909,0.0217573221757322,0.472727272727273,42,42,0.272727272727273,0.0909090909090909,50,5,15,1155,50,55,1170,dag,4,tetrad_fci,gcastle_dag/p=50/d=1/method=er,sem_params/min=0.25/max=1,gcastle_iidsim/method=nonlinear/sem_type=gp/noise_scale=1.0/n=10000/standardized=True,15.79,NA,fci,0.002,fisher-z-test,continuous,NA
0.736363636363636,0.0246861924686192,0.536363636363636,44,44,0.327272727272727,0.0545454545454545,52,3,18,1152,50,55,1170,dag,4,tetrad_fci,gcastle_dag/p=50/d=1/method=er,sem_params/min=0.25/max=1,gcastle_iidsim/method=nonlinear/sem_type=gp/noise_scale=1.0/n=10000/standardized=True,15.26,NA,fci,0.005,fisher-z-test,continuous,NA
0.727272727272727,0.0284518828451883,0.618181818181818,49,49,0.4,0.0545454545454545,52,3,22,1148,50,55,1170,dag,4,tetrad_fci,gcastle_dag/p=50/d=1/method=er,sem_params/min=0.25/max=1,gcastle_iidsim/method=nonlinear/sem_type=gp/noise_scale=1.0/n=10000/standardized=True,16,NA,fci,0.01,fisher-z-test,continuous,NA
0.709090909090909,0.0359832635983264,0.781818181818182,59,59,0.545454545454545,0.0545454545454545,52,3,30,1140,50,55,1170,dag,4,tetrad_fci,gcastle_dag/p=50/d=1/method=er,sem_params/min=0.25/max=1,gcastle_iidsim/method=nonlinear/sem_type=gp/noise_scale=1.0/n=10000/standardized=True,16.75,NA,fci,0.02,fisher-z-test,continuous,NA
0.690909090909091,0.0493723849372385,1.07272727272727,76,76,0.8,0.0363636363636364,53,2,44,1126,50,55,1170,dag,4,tetrad_fci,gcastle_dag/p=50/d=1/method=er,sem_params/min=0.25/max=1,gcastle_iidsim/method=nonlinear/sem_type=gp/noise_scale=1.0/n=10000/standardized=True,15.74,NA,fci,0.05,fisher-z-test,continuous,NA
0.690909090909091,0.0644351464435146,1.4,94,NA,1.12727272727273,0.0363636363636364,53,2,62,1108,50,55,1170,unknown,4,tetrad_fci,gcastle_dag/p=50/d=1/method=er,sem_params/min=0.25/max=1,gcastle_iidsim/method=nonlinear/sem_type=gp/noise_scale=1.0/n=10000/standardized=True,16.86,NA,fci,0.1,fisher-z-test,continuous,NA
0.681818181818182,0.121757322175732,2.64545454545455,163,164,2.36363636363636,0.0363636363636364,53,2,130,1040,50,55,1170,dag,4,tetrad_fci,gcastle_dag/p=50/d=1/method=er,sem_params/min=0.25/max=1,gcastle_iidsim/method=nonlinear/sem_type=gp/noise_scale=1.0/n=10000/standardized=True,45.2,NA,fci,0.2,fisher-z-test,continuous,NA
0.672727272727273,0.161506276150628,3.50909090909091,211,211,3.21818181818182,0.0363636363636364,53,2,177,993,50,55,1170,dag,4,tetrad_fci,gcastle_dag/p=50/d=1/method=er,sem_params/min=0.25/max=1,gcastle_iidsim/method=nonlinear/sem_type=gp/noise_scale=1.0/n=10000/standardized=True,81.01,NA,fci,0.3,fisher-z-test,continuous,NA
0.672727272727273,0.276150627615063,6,348,348,5.70909090909091,0.0363636363636364,53,2,314,856,50,55,1170,dag,4,tetrad_fci,gcastle_dag/p=50/d=1/method=er,sem_params/min=0.25/max=1,gcastle_iidsim/method=nonlinear/sem_type=gp/noise_scale=1.0/n=10000/standardized=True,3282.94,NA,fci,0.5,fisher-z-test,continuous,NA
0.509615384615385,0.0212854757929883,0.490384615384615,51,52,0.269230769230769,0.269230769230769,38,14,14,1159,50,52,1173,dag,5,tetrad_fci,gcastle_dag/p=50/d=1/method=er,sem_params/min=0.25/max=1,gcastle_iidsim/method=nonlinear/sem_type=gp/noise_scale=1.0/n=10000/standardized=True,23.92,NA,fci,0.001,fisher-z-test,continuous,NA
0.548076923076923,0.0229549248747913,0.528846153846154,51,53,0.307692307692308,0.230769230769231,40,12,16,1157,50,52,1173,dag,5,tetrad_fci,gcastle_dag/p=50/d=1/method=er,sem_params/min=0.25/max=1,gcastle_iidsim/method=nonlinear/sem_type=gp/noise_scale=1.0/n=10000/standardized=True,6.8,NA,fci,0.002,fisher-z-test,continuous,NA
0.538461538461538,0.0242070116861436,0.557692307692308,53,55,0.326923076923077,0.230769230769231,40,12,17,1156,50,52,1173,dag,5,tetrad_fci,gcastle_dag/p=50/d=1/method=er,sem_params/min=0.25/max=1,gcastle_iidsim/method=nonlinear/sem_type=gp/noise_scale=1.0/n=10000/standardized=True,7.44,NA,fci,0.005,fisher-z-test,continuous,NA
0.528846153846154,0.0296327212020033,0.682692307692308,60,62,0.423076923076923,0.211538461538462,41,11,22,1151,50,52,1173,dag,5,tetrad_fci,gcastle_dag/p=50/d=1/method=er,sem_params/min=0.25/max=1,gcastle_iidsim/method=nonlinear/sem_type=gp/noise_scale=1.0/n=10000/standardized=True,7.05,NA,fci,0.01,fisher-z-test,continuous,NA
0.538461538461538,0.0342237061769616,0.788461538461538,65,67,0.538461538461538,0.211538461538462,41,11,28,1145,50,52,1173,dag,5,tetrad_fci,gcastle_dag/p=50/d=1/method=er,sem_params/min=0.25/max=1,gcastle_iidsim/method=nonlinear/sem_type=gp/noise_scale=1.0/n=10000/standardized=True,13.22,NA,fci,0.02,fisher-z-test,continuous,NA
0.509615384615385,0.0438230383973289,1.00961538461538,78,77,0.730769230769231,0.211538461538462,41,11,38,1135,50,52,1173,dag,5,tetrad_fci,gcastle_dag/p=50/d=1/method=er,sem_params/min=0.25/max=1,gcastle_iidsim/method=nonlinear/sem_type=gp/noise_scale=1.0/n=10000/standardized=True,7.78,NA,fci,0.05,fisher-z-test,continuous,NA
0.528846153846154,0.078881469115192,1.81730769230769,119,119,1.51923076923077,0.173076923076923,43,9,79,1094,50,52,1173,dag,5,tetrad_fci,gcastle_dag/p=50/d=1/method=er,sem_params/min=0.25/max=1,gcastle_iidsim/method=nonlinear/sem_type=gp/noise_scale=1.0/n=10000/standardized=True,44.57,NA,fci,0.1,fisher-z-test,continuous,NA
0.557692307692308,0.134390651085142,3.09615384615385,184,183,2.78846153846154,0.134615384615385,45,7,145,1028,50,52,1173,dag,5,tetrad_fci,gcastle_dag/p=50/d=1/method=er,sem_params/min=0.25/max=1,gcastle_iidsim/method=nonlinear/sem_type=gp/noise_scale=1.0/n=10000/standardized=True,19.55,NA,fci,0.2,fisher-z-test,continuous,NA
0.576923076923077,0.189482470784641,4.36538461538461,249,248,4.01923076923077,0.0769230769230769,48,4,209,964,50,52,1173,dag,5,tetrad_fci,gcastle_dag/p=50/d=1/method=er,sem_params/min=0.25/max=1,gcastle_iidsim/method=nonlinear/sem_type=gp/noise_scale=1.0/n=10000/standardized=True,54.17,NA,fci,0.3,fisher-z-test,continuous,NA
0.596153846153846,0.289649415692821,6.67307692307692,368,367,6.32692307692308,0.0576923076923077,49,3,329,844,50,52,1173,dag,5,tetrad_fci,gcastle_dag/p=50/d=1/method=er,sem_params/min=0.25/max=1,gcastle_iidsim/method=nonlinear/sem_type=gp/noise_scale=1.0/n=10000/standardized=True,4234.12,NA,fci,0.5,fisher-z-test,continuous,NA
0.6640625,0.019814502529511,0.3671875,45,42,0.171875,0.140625,55,9,11,1150,50,64,1161,dag,6,tetrad_fci,gcastle_dag/p=50/d=1/method=er,sem_params/min=0.25/max=1,gcastle_iidsim/method=nonlinear/sem_type=gp/noise_scale=1.0/n=10000/standardized=True,7.02,NA,fci,0.001,fisher-z-test,continuous,NA
0.6796875,0.0189713322091062,0.3515625,43,NA,0.171875,0.140625,55,9,11,1150,50,64,1161,unknown,6,tetrad_fci,gcastle_dag/p=50/d=1/method=er,sem_params/min=0.25/max=1,gcastle_iidsim/method=nonlinear/sem_type=gp/noise_scale=1.0/n=10000/standardized=True,7.16,NA,fci,0.002,fisher-z-test,continuous,NA
0.671875,0.0219224283305228,0.40625,47,NA,0.21875,0.140625,55,9,14,1147,50,64,1161,unknown,6,tetrad_fci,gcastle_dag/p=50/d=1/method=er,sem_params/min=0.25/max=1,gcastle_iidsim/method=nonlinear/sem_type=gp/noise_scale=1.0/n=10000/standardized=True,7.16,NA,fci,0.005,fisher-z-test,continuous,NA
0.671875,0.0244519392917369,0.453125,50,NA,0.25,0.125,56,8,16,1145,50,64,1161,unknown,6,tetrad_fci,gcastle_dag/p=50/d=1/method=er,sem_params/min=0.25/max=1,gcastle_iidsim/method=nonlinear/sem_type=gp/noise_scale=1.0/n=10000/standardized=True,6.66,NA,fci,0.01,fisher-z-test,continuous,NA
0.6640625,0.0290893760539629,0.5390625,56,52,0.328125,0.125,56,8,21,1140,50,64,1161,dag,6,tetrad_fci,gcastle_dag/p=50/d=1/method=er,sem_params/min=0.25/max=1,gcastle_iidsim/method=nonlinear/sem_type=gp/noise_scale=1.0/n=10000/standardized=True,14.83,NA,fci,0.02,fisher-z-test,continuous,NA
0.6640625,0.0400505902192243,0.7421875,69,67,0.484375,0.078125,59,5,31,1130,50,64,1161,dag,6,tetrad_fci,gcastle_dag/p=50/d=1/method=er,sem_params/min=0.25/max=1,gcastle_iidsim/method=nonlinear/sem_type=gp/noise_scale=1.0/n=10000/standardized=True,8.55,NA,fci,0.05,fisher-z-test,continuous,NA
0.625,0.0708263069139966,1.3125,108,105,1.015625,0.078125,59,5,65,1096,50,64,1161,dag,6,tetrad_fci,gcastle_dag/p=50/d=1/method=er,sem_params/min=0.25/max=1,gcastle_iidsim/method=nonlinear/sem_type=gp/noise_scale=1.0/n=10000/standardized=True,8.29,NA,fci,0.1,fisher-z-test,continuous,NA
0.65625,0.114671163575042,2.125,158,155,1.828125,0.046875,61,3,117,1044,50,64,1161,dag,6,tetrad_fci,gcastle_dag/p=50/d=1/method=er,sem_params/min=0.25/max=1,gcastle_iidsim/method=nonlinear/sem_type=gp/noise_scale=1.0/n=10000/standardized=True,10.37,NA,fci,0.2,fisher-z-test,continuous,NA
0.65625,0.169477234401349,3.140625,223,220,2.828125,0.03125,62,2,181,980,50,64,1161,dag,6,tetrad_fci,gcastle_dag/p=50/d=1/method=er,sem_params/min=0.25/max=1,gcastle_iidsim/method=nonlinear/sem_type=gp/noise_scale=1.0/n=10000/standardized=True,39.79,NA,fci,0.3,fisher-z-test,continuous,NA
0.65625,0.260539629005059,4.828125,331,328,4.515625,0.03125,62,2,289,872,50,64,1161,dag,6,tetrad_fci,gcastle_dag/p=50/d=1/method=er,sem_params/min=0.25/max=1,gcastle_iidsim/method=nonlinear/sem_type=gp/noise_scale=1.0/n=10000/standardized=True,1162.85,NA,fci,0.5,fisher-z-test,continuous,NA
0.614754098360656,0.0315391084945332,0.614754098360656,61,NA,0.39344262295082,0.163934426229508,51,10,24,1140,50,61,1164,unknown,7,tetrad_fci,gcastle_dag/p=50/d=1/method=er,sem_params/min=0.25/max=1,gcastle_iidsim/method=nonlinear/sem_type=gp/noise_scale=1.0/n=10000/standardized=True,14.57,NA,fci,0.001,fisher-z-test,continuous,NA
0.614754098360656,0.0315391084945332,0.614754098360656,61,NA,0.39344262295082,0.163934426229508,51,10,24,1140,50,61,1164,unknown,7,tetrad_fci,gcastle_dag/p=50/d=1/method=er,sem_params/min=0.25/max=1,gcastle_iidsim/method=nonlinear/sem_type=gp/noise_scale=1.0/n=10000/standardized=True,13.34,NA,fci,0.002,fisher-z-test,continuous,NA
0.622950819672131,0.0386879730866274,0.754098360655738,69,NA,0.508196721311475,0.131147540983607,53,8,31,1133,50,61,1164,unknown,7,tetrad_fci,gcastle_dag/p=50/d=1/method=er,sem_params/min=0.25/max=1,gcastle_iidsim/method=nonlinear/sem_type=gp/noise_scale=1.0/n=10000/standardized=True,17.6,NA,fci,0.005,fisher-z-test,continuous,NA
0.60655737704918,0.0420521446593776,0.819672131147541,74,NA,0.557377049180328,0.131147540983607,53,8,34,1130,50,61,1164,unknown,7,tetrad_fci,gcastle_dag/p=50/d=1/method=er,sem_params/min=0.25/max=1,gcastle_iidsim/method=nonlinear/sem_type=gp/noise_scale=1.0/n=10000/standardized=True,16.9,NA,fci,0.01,fisher-z-test,continuous,NA
0.598360655737705,0.0500420521446594,0.975409836065574,84,NA,0.688524590163934,0.114754098360656,54,7,42,1122,50,61,1164,unknown,7,tetrad_fci,gcastle_dag/p=50/d=1/method=er,sem_params/min=0.25/max=1,gcastle_iidsim/method=nonlinear/sem_type=gp/noise_scale=1.0/n=10000/standardized=True,14.92,NA,fci,0.02,fisher-z-test,continuous,NA
0.598360655737705,0.0626576955424727,1.22131147540984,99,NA,0.934426229508197,0.114754098360656,54,7,57,1107,50,61,1164,unknown,7,tetrad_fci,gcastle_dag/p=50/d=1/method=er,sem_params/min=0.25/max=1,gcastle_iidsim/method=nonlinear/sem_type=gp/noise_scale=1.0/n=10000/standardized=True,14.76,NA,fci,0.05,fisher-z-test,continuous,NA
0.565573770491803,0.0828427249789739,1.61475409836066,125,123,1.27868852459016,0.0983606557377049,55,6,78,1086,50,61,1164,dag,7,tetrad_fci,gcastle_dag/p=50/d=1/method=er,sem_params/min=0.25/max=1,gcastle_iidsim/method=nonlinear/sem_type=gp/noise_scale=1.0/n=10000/standardized=True,16.08,NA,fci,0.1,fisher-z-test,continuous,NA
0.557377049180328,0.122792262405383,2.39344262295082,173,NA,2.0327868852459,0.0819672131147541,56,5,124,1040,50,61,1164,unknown,7,tetrad_fci,gcastle_dag/p=50/d=1/method=er,sem_params/min=0.25/max=1,gcastle_iidsim/method=nonlinear/sem_type=gp/noise_scale=1.0/n=10000/standardized=True,18.13,NA,fci,0.2,fisher-z-test,continuous,NA
0.557377049180328,0.160639192598823,3.13114754098361,218,NA,2.77049180327869,0.0819672131147541,56,5,169,995,50,61,1164,unknown,7,tetrad_fci,gcastle_dag/p=50/d=1/method=er,sem_params/min=0.25/max=1,gcastle_iidsim/method=nonlinear/sem_type=gp/noise_scale=1.0/n=10000/standardized=True,196.85,NA,fci,0.3,fisher-z-test,continuous,NA
0.557377049180328,0.257359125315391,5.01639344262295,333,330,4.65573770491803,0.0819672131147541,56,5,284,880,50,61,1164,dag,7,tetrad_fci,gcastle_dag/p=50/d=1/method=er,sem_params/min=0.25/max=1,gcastle_iidsim/method=nonlinear/sem_type=gp/noise_scale=1.0/n=10000/standardized=True,452.38,NA,fci,0.5,fisher-z-test,continuous,NA
0.579545454545455,0.0211442786069652,0.579545454545455,44,42,0.295454545454545,0.136363636363636,38,6,13,1168,50,44,1181,dag,8,tetrad_fci,gcastle_dag/p=50/d=1/method=er,sem_params/min=0.25/max=1,gcastle_iidsim/method=nonlinear/sem_type=gp/noise_scale=1.0/n=10000/standardized=True,42,NA,fci,0.001,fisher-z-test,continuous,NA
0.602272727272727,0.0228026533996683,0.625,45,43,0.363636363636364,0.136363636363636,38,6,16,1165,50,44,1181,dag,8,tetrad_fci,gcastle_dag/p=50/d=1/method=er,sem_params/min=0.25/max=1,gcastle_iidsim/method=nonlinear/sem_type=gp/noise_scale=1.0/n=10000/standardized=True,7,NA,fci,0.002,fisher-z-test,continuous,NA
0.625,0.0236318407960199,0.647727272727273,45,46,0.409090909090909,0.136363636363636,38,6,18,1163,50,44,1181,dag,8,tetrad_fci,gcastle_dag/p=50/d=1/method=er,sem_params/min=0.25/max=1,gcastle_iidsim/method=nonlinear/sem_type=gp/noise_scale=1.0/n=10000/standardized=True,6.94,NA,fci,0.005,fisher-z-test,continuous,NA
0.590909090909091,0.0306799336650083,0.840909090909091,55,55,0.522727272727273,0.0909090909090909,40,4,23,1158,50,44,1181,dag,8,tetrad_fci,gcastle_dag/p=50/d=1/method=er,sem_params/min=0.25/max=1,gcastle_iidsim/method=nonlinear/sem_type=gp/noise_scale=1.0/n=10000/standardized=True,13.47,NA,fci,0.01,fisher-z-test,continuous,NA
0.602272727272727,0.035240464344942,0.965909090909091,60,NA,0.659090909090909,0.0909090909090909,40,4,29,1152,50,44,1181,unknown,8,tetrad_fci,gcastle_dag/p=50/d=1/method=er,sem_params/min=0.25/max=1,gcastle_iidsim/method=nonlinear/sem_type=gp/noise_scale=1.0/n=10000/standardized=True,48.36,NA,fci,0.02,fisher-z-test,continuous,NA
0.522727272727273,0.0530679933665008,1.45454545454545,85,82,1.06818181818182,0.0909090909090909,40,4,47,1134,50,44,1181,dag,8,tetrad_fci,gcastle_dag/p=50/d=1/method=er,sem_params/min=0.25/max=1,gcastle_iidsim/method=nonlinear/sem_type=gp/noise_scale=1.0/n=10000/standardized=True,27.64,NA,fci,0.05,fisher-z-test,continuous,NA
0.522727272727273,0.0787728026533997,2.15909090909091,116,112,1.77272727272727,0.0909090909090909,40,4,78,1103,50,44,1181,dag,8,tetrad_fci,gcastle_dag/p=50/d=1/method=er,sem_params/min=0.25/max=1,gcastle_iidsim/method=nonlinear/sem_type=gp/noise_scale=1.0/n=10000/standardized=True,23.64,NA,fci,0.1,fisher-z-test,continuous,NA
0.545454545454545,0.140961857379768,3.86363636363636,190,187,3.5,0.0909090909090909,40,4,154,1027,50,44,1181,dag,8,tetrad_fci,gcastle_dag/p=50/d=1/method=er,sem_params/min=0.25/max=1,gcastle_iidsim/method=nonlinear/sem_type=gp/noise_scale=1.0/n=10000/standardized=True,53.68,NA,fci,0.2,fisher-z-test,continuous,NA
0.545454545454545,0.201492537313433,5.52272727272727,263,259,5.13636363636364,0.0681818181818182,41,3,226,955,50,44,1181,dag,8,tetrad_fci,gcastle_dag/p=50/d=1/method=er,sem_params/min=0.25/max=1,gcastle_iidsim/method=nonlinear/sem_type=gp/noise_scale=1.0/n=10000/standardized=True,415.5,NA,fci,0.3,fisher-z-test,continuous,NA
0.545454545454545,0.314262023217247,8.61363636363636,399,395,8.22727272727273,0.0681818181818182,41,3,362,819,50,44,1181,dag,8,tetrad_fci,gcastle_dag/p=50/d=1/method=er,sem_params/min=0.25/max=1,gcastle_iidsim/method=nonlinear/sem_type=gp/noise_scale=1.0/n=10000/standardized=True,23333.47,NA,fci,0.5,fisher-z-test,continuous,NA
0.620689655172414,0.026006711409396,0.53448275862069,53,55,0.327586206896552,0.172413793103448,48,10,19,1148,50,58,1167,dag,9,tetrad_fci,gcastle_dag/p=50/d=1/method=er,sem_params/min=0.25/max=1,gcastle_iidsim/method=nonlinear/sem_type=gp/noise_scale=1.0/n=10000/standardized=True,8.47,NA,fci,0.001,fisher-z-test,continuous,NA
0.594827586206897,0.0306208053691275,0.629310344827586,60,58,0.396551724137931,0.172413793103448,48,10,23,1144,50,58,1167,dag,9,tetrad_fci,gcastle_dag/p=50/d=1/method=er,sem_params/min=0.25/max=1,gcastle_iidsim/method=nonlinear/sem_type=gp/noise_scale=1.0/n=10000/standardized=True,8.73,NA,fci,0.002,fisher-z-test,continuous,NA
0.603448275862069,0.0335570469798658,0.689655172413793,63,61,0.46551724137931,0.172413793103448,48,10,27,1140,50,58,1167,dag,9,tetrad_fci,gcastle_dag/p=50/d=1/method=er,sem_params/min=0.25/max=1,gcastle_iidsim/method=nonlinear/sem_type=gp/noise_scale=1.0/n=10000/standardized=True,8.64,NA,fci,0.005,fisher-z-test,continuous,NA
0.594827586206897,0.036493288590604,0.75,67,63,0.517241379310345,0.172413793103448,48,10,30,1137,50,58,1167,dag,9,tetrad_fci,gcastle_dag/p=50/d=1/method=er,sem_params/min=0.25/max=1,gcastle_iidsim/method=nonlinear/sem_type=gp/noise_scale=1.0/n=10000/standardized=True,9.28,NA,fci,0.01,fisher-z-test,continuous,NA
0.594827586206897,0.0423657718120805,0.870689655172414,74,68,0.637931034482759,0.172413793103448,48,10,37,1130,50,58,1167,dag,9,tetrad_fci,gcastle_dag/p=50/d=1/method=er,sem_params/min=0.25/max=1,gcastle_iidsim/method=nonlinear/sem_type=gp/noise_scale=1.0/n=10000/standardized=True,8.82,NA,fci,0.02,fisher-z-test,continuous,NA
0.603448275862069,0.0595637583892617,1.22413793103448,94,NA,1,0.172413793103448,48,10,58,1109,50,58,1167,unknown,9,tetrad_fci,gcastle_dag/p=50/d=1/method=er,sem_params/min=0.25/max=1,gcastle_iidsim/method=nonlinear/sem_type=gp/noise_scale=1.0/n=10000/standardized=True,9.67,NA,fci,0.05,fisher-z-test,continuous,NA
0.586206896551724,0.0855704697986577,1.75862068965517,126,NA,1.48275862068966,0.137931034482759,50,8,86,1081,50,58,1167,unknown,9,tetrad_fci,gcastle_dag/p=50/d=1/method=er,sem_params/min=0.25/max=1,gcastle_iidsim/method=nonlinear/sem_type=gp/noise_scale=1.0/n=10000/standardized=True,10.91,NA,fci,0.1,fisher-z-test,continuous,NA
0.620689655172414,0.131711409395973,2.70689655172414,179,175,2.44827586206897,0.120689655172414,51,7,142,1025,50,58,1167,dag,9,tetrad_fci,gcastle_dag/p=50/d=1/method=er,sem_params/min=0.25/max=1,gcastle_iidsim/method=nonlinear/sem_type=gp/noise_scale=1.0/n=10000/standardized=True,11.33,NA,fci,0.2,fisher-z-test,continuous,NA
0.637931034482759,0.186241610738255,3.82758620689655,243,239,3.56896551724138,0.103448275862069,52,6,207,960,50,58,1167,dag,9,tetrad_fci,gcastle_dag/p=50/d=1/method=er,sem_params/min=0.25/max=1,gcastle_iidsim/method=nonlinear/sem_type=gp/noise_scale=1.0/n=10000/standardized=True,31.61,NA,fci,0.3,fisher-z-test,continuous,NA
0.629310344827586,0.304110738255034,6.25,384,380,5.98275862068965,0.103448275862069,52,6,347,820,50,58,1167,dag,9,tetrad_fci,gcastle_dag/p=50/d=1/method=er,sem_params/min=0.25/max=1,gcastle_iidsim/method=nonlinear/sem_type=gp/noise_scale=1.0/n=10000/standardized=True,4047.76,NA,fci,0.5,fisher-z-test,continuous,NA
0.684782608695652,0.0203488372093023,0.532608695652174,39,39,0.282608695652174,0.0652173913043478,43,3,13,1166,50,46,1179,dag,10,tetrad_fci,gcastle_dag/p=50/d=1/method=er,sem_params/min=0.25/max=1,gcastle_iidsim/method=nonlinear/sem_type=gp/noise_scale=1.0/n=10000/standardized=True,18.16,NA,fci,0.001,fisher-z-test,continuous,NA
0.684782608695652,0.0211794019933555,0.554347826086957,40,40,0.304347826086957,0.0652173913043478,43,3,14,1165,50,46,1179,dag,10,tetrad_fci,gcastle_dag/p=50/d=1/method=er,sem_params/min=0.25/max=1,gcastle_iidsim/method=nonlinear/sem_type=gp/noise_scale=1.0/n=10000/standardized=True,18.64,NA,fci,0.002,fisher-z-test,continuous,NA
0.684782608695652,0.0220099667774086,0.576086956521739,41,41,0.326086956521739,0.0652173913043478,43,3,15,1164,50,46,1179,dag,10,tetrad_fci,gcastle_dag/p=50/d=1/method=er,sem_params/min=0.25/max=1,gcastle_iidsim/method=nonlinear/sem_type=gp/noise_scale=1.0/n=10000/standardized=True,12.49,NA,fci,0.005,fisher-z-test,continuous,NA
0.630434782608696,0.0290697674418605,0.760869565217391,52,53,0.456521739130435,0.0652173913043478,43,3,21,1158,50,46,1179,dag,10,tetrad_fci,gcastle_dag/p=50/d=1/method=er,sem_params/min=0.25/max=1,gcastle_iidsim/method=nonlinear/sem_type=gp/noise_scale=1.0/n=10000/standardized=True,11.93,NA,fci,0.01,fisher-z-test,continuous,NA
0.641304347826087,0.0319767441860465,0.83695652173913,55,NA,0.543478260869565,0.0652173913043478,43,3,25,1154,50,46,1179,unknown,10,tetrad_fci,gcastle_dag/p=50/d=1/method=er,sem_params/min=0.25/max=1,gcastle_iidsim/method=nonlinear/sem_type=gp/noise_scale=1.0/n=10000/standardized=True,15.07,NA,fci,0.02,fisher-z-test,continuous,NA
0.597826086956522,0.0469269102990033,1.22826086956522,75,NA,0.891304347826087,0.0652173913043478,43,3,41,1138,50,46,1179,unknown,10,tetrad_fci,gcastle_dag/p=50/d=1/method=er,sem_params/min=0.25/max=1,gcastle_iidsim/method=nonlinear/sem_type=gp/noise_scale=1.0/n=10000/standardized=True,13.52,NA,fci,0.05,fisher-z-test,continuous,NA
0.608695652173913,0.0739202657807309,1.93478260869565,107,NA,1.60869565217391,0.0652173913043478,43,3,74,1105,50,46,1179,unknown,10,tetrad_fci,gcastle_dag/p=50/d=1/method=er,sem_params/min=0.25/max=1,gcastle_iidsim/method=nonlinear/sem_type=gp/noise_scale=1.0/n=10000/standardized=True,14.19,NA,fci,0.1,fisher-z-test,continuous,NA
0.619565217391304,0.124169435215947,3.25,167,166,2.91304347826087,0.0434782608695652,44,2,134,1045,50,46,1179,dag,10,tetrad_fci,gcastle_dag/p=50/d=1/method=er,sem_params/min=0.25/max=1,gcastle_iidsim/method=nonlinear/sem_type=gp/noise_scale=1.0/n=10000/standardized=True,32.4,NA,fci,0.2,fisher-z-test,continuous,NA
0.619565217391304,0.174833887043189,4.57608695652174,228,227,4.23913043478261,0.0434782608695652,44,2,195,984,50,46,1179,dag,10,tetrad_fci,gcastle_dag/p=50/d=1/method=er,sem_params/min=0.25/max=1,gcastle_iidsim/method=nonlinear/sem_type=gp/noise_scale=1.0/n=10000/standardized=True,70.99,NA,fci,0.3,fisher-z-test,continuous,NA
0.619565217391304,0.29609634551495,7.75,374,373,7.41304347826087,0.0434782608695652,44,2,341,838,50,46,1179,dag,10,tetrad_fci,gcastle_dag/p=50/d=1/method=er,sem_params/min=0.25/max=1,gcastle_iidsim/method=nonlinear/sem_type=gp/noise_scale=1.0/n=10000/standardized=True,21597.36,NA,fci,0.5,fisher-z-test,continuous,NA
